job_id,route_len_m,elevation_delta_m,payload_kg,battery_soc,hour,congestion_flag,operation_mode,energy_kj
1,92.98,-0.2,3.23,0.91,3,high,standard,191.761
2,223.58,-0.3,2.16,0.866,15,high,standard,403.691
3,113.68,2.6,3.3,0.658,18,low,standard,312.856
4,45.13,-1.1,2.64,0.71,16,high,express,170.171
5,167.35,-1.5,3.48,0.514,8,low,express,387.059
6,176.19,-0.7,2.28,0.825,5,low,standard,308.618
7,95.87,2.2,1.26,0.504,0,low,standard,247.28
8,126.51,-2.6,1.45,0.67,18,high,standard,316.305
9,94.22,-1.1,0.0,0.867,16,high,standard,177.088
10,125.23,-2.6,3.51,0.365,5,low,standard,365.541
11,105.7,0.1,1.48,0.849,4,low,standard,128.134
12,167.86,3.7,4.33,0.431,0,low,standard,471.006
13,114.5,-2.9,0.0,0.783,8,high,standard,269.092
14,122.38,0.5,4.42,0.692,13,high,standard,305.161
15,131.23,2.0,2.62,0.327,21,low,standard,302.241
16,106.43,2.1,1.39,0.725,6,high,express,293.092
17,38.86,-1.4,5.22,0.685,14,low,standard,184.203
18,49.9,-1.3,4.58,0.573,9,low,standard,195.11
19,78.34,1.7,2.87,0.396,6,low,standard,236.786
20,208.0,0.3,0.53,0.762,18,low,standard,281.895
21,130.01,-0.9,2.12,0.676,13,low,standard,249.309
22,195.12,1.1,5.23,0.889,12,high,standard,472.705
23,107.38,1.8,2.16,0.519,8,low,express,252.074
24,82.51,-2.2,2.97,0.686,12,low,standard,258.547
25,205.11,-0.9,2.87,0.489,0,low,express,389.251
26,25.07,1.7,0.0,0.837,10,high,standard,120.671
27,99.23,-1.3,1.06,0.906,19,high,standard,186.854
28,98.31,1.5,3.73,0.957,13,high,standard,284.309
29,177.49,-2.8,3.36,0.973,8,low,standard,436.357
30,156.11,-0.9,4.21,0.705,14,low,express,366.724
31,205.11,-0.2,0.95,0.687,0,low,standard,290.948
32,68.53,1.4,0.47,0.384,15,low,standard,157.571
33,170.49,-0.2,2.25,0.912,18,high,standard,298.357
34,223.71,2.1,6.15,0.752,4,low,standard,562.516
35,138.83,-0.8,3.21,0.814,1,low,standard,268.028
36,166.51,3.3,3.28,0.861,22,low,standard,432.537
37,30.03,4.1,5.74,0.94,21,low,standard,264.79
38,42.1,0.6,1.73,0.971,2,low,standard,108.518
39,115.19,-2.3,2.06,0.836,18,low,standard,293.482
40,160.58,-0.3,0.0,0.942,10,high,standard,234.092
41,141.71,-0.6,,0.838,18,high,standard,381.304
42,207.89,-0.3,0.0,0.573,1,low,standard,260.62
43,111.81,-0.1,0.0,0.598,4,low,standard,135.895
44,211.8,3.5,0.26,0.867,10,low,standard,407.495
45,158.26,4.6,5.45,0.909,22,low,standard,536.689
46,77.37,0.6,2.88,0.778,17,high,standard,180.172
47,127.32,1.3,1.4,0.42,5,low,standard,242.818
48,186.16,1.6,4.4,0.802,22,low,standard,417.857
49,147.55,-0.4,5.49,0.65,6,low,express,361.135
50,163.9,-1.1,1.22,0.735,21,low,standard,268.868
51,194.68,-2.4,0.0,0.897,12,low,standard,329.468
52,175.83,-2.9,0.0,0.742,7,low,standard,319.623
53,182.39,-1.3,0.0,0.85,16,high,express,319.13
54,125.21,0.4,2.05,0.321,20,low,standard,209.344
55,130.24,-1.4,0.0,0.752,14,high,standard,237.678
56,121.68,-0.5,5.59,0.9,20,low,express,335.822
57,146.37,-0.8,2.42,0.344,6,low,standard,279.968
58,79.09,-1.2,4.6,0.879,11,high,standard,259.265
59,175.71,-1.8,,0.554,22,low,express,335.452
60,154.84,0.8,0.65,0.673,3,low,express,231.23
61,183.23,-2.2,4.22,0.502,19,low,standard,441.733
62,95.77,2.7,3.34,0.65,14,low,express,308.754
63,157.59,-1.8,3.7,0.721,6,high,standard,382.771
64,85.98,0.0,0.0,0.703,18,low,standard,108.458
65,86.26,-1.9,4.38,0.719,9,high,standard,297.71
66,126.92,-1.5,3.24,0.463,0,low,standard,292.21
67,115.33,-0.8,2.58,0.944,10,high,standard,251.323
68,97.59,0.5,4.99,0.861,19,low,standard,262.783
69,111.08,0.6,0.0,0.736,15,high,standard,171.347
70,83.84,-2.2,0.81,0.939,14,high,standard,210.728
71,63.98,-3.9,4.23,0.673,5,low,express,321.778
72,154.09,1.0,2.73,0.957,16,low,standard,295.437
73,56.5,-1.4,1.82,0.896,18,low,standard,148.169
74,109.0,-1.7,0.0,0.286,9,high,standard,221.002
75,88.92,-0.4,3.04,0.632,17,high,standard,193.641
76,171.83,-0.2,2.64,0.955,12,high,standard,308.591
77,87.78,1.9,2.45,0.606,15,low,standard,239.098
78,58.36,-0.3,2.18,0.683,0,low,standard,129.81
79,204.53,1.0,1.21,0.721,18,low,standard,305.226
80,240.12,1.3,0.48,0.834,21,low,standard,368.866
81,155.19,1.4,1.05,0.585,5,low,standard,262.999
82,139.22,-1.0,0.0,0.792,19,low,express,200.309
83,25.56,2.3,1.98,0.438,9,high,standard,164.742
84,147.12,0.6,7.15,0.765,13,low,standard,389.376
85,79.27,0.5,4.42,0.779,5,high,standard,219.362
86,112.08,1.6,5.37,0.501,13,high,standard,358.712
87,63.4,-1.0,6.55,0.583,16,high,express,274.251
88,75.9,-4.0,2.1,0.65,9,low,standard,296.653
89,73.58,-2.0,1.01,0.548,23,low,standard,174.392
90,125.0,2.0,0.31,0.846,9,high,express,280.528
91,134.44,0.6,3.62,0.699,2,low,standard,260.434
92,22.34,2.9,4.58,0.877,7,low,standard,211.138
93,95.77,-0.8,3.33,0.971,13,low,standard,251.133
94,144.29,0.1,0.46,0.474,11,low,standard,180.474
95,172.27,-2.1,0.12,0.883,16,high,standard,339.363
96,120.79,-0.9,2.64,0.583,4,high,standard,270.285
97,156.5,3.3,0.55,0.71,10,high,standard,369.503
98,110.46,0.5,2.34,0.697,5,low,standard,194.799
99,97.87,-2.5,2.79,0.632,11,low,standard,270.571
100,112.33,1.1,1.64,0.748,20,low,standard,210.281
101,111.89,1.4,3.19,0.694,11,high,standard,297.255
102,148.06,-0.6,0.0,0.523,13,low,standard,189.041
103,75.76,-0.8,1.8,0.911,8,high,standard,172.235
104,82.2,0.7,4.26,0.628,8,low,standard,206.079
105,33.9,1.4,5.56,0.815,14,high,standard,185.319
106,126.82,1.2,6.02,0.716,11,high,express,402.403
107,105.99,-0.8,0.63,0.842,12,low,standard,196.219
108,76.05,-1.5,1.01,0.534,19,low,standard,157.554
109,109.36,-1.8,0.0,0.887,11,low,standard,205.199
110,185.36,1.9,4.02,0.583,3,low,standard,397.054
111,80.3,-0.2,0.0,0.65,1,low,standard,108.265
112,162.85,-0.7,3.96,0.733,23,low,standard,334.45
113,34.64,1.3,3.77,0.453,20,low,standard,150.921
114,47.64,2.9,0.65,0.337,22,low,standard,193.397
115,207.78,2.5,2.19,0.858,15,low,standard,424.93
116,144.33,0.2,2.24,0.911,13,low,standard,224.361
117,172.93,-1.4,0.0,0.432,21,low,standard,252.571
118,42.45,-1.9,4.24,0.938,11,low,standard,197.691
119,146.93,1.9,1.7,0.939,15,high,standard,350.55
120,149.2,-1.6,7.15,0.794,16,high,standard,482.431
121,175.74,0.7,0.0,0.556,23,low,standard,250.759
122,72.34,1.4,1.76,0.865,1,high,standard,228.321
123,93.12,2.6,3.53,0.917,12,high,standard,313.657
124,156.6,-0.1,1.19,0.677,20,low,express,228.561
125,108.74,1.3,8.14,0.646,8,low,standard,359.79
126,117.77,-1.7,1.34,0.837,7,low,standard,253.396
127,121.25,-1.4,0.85,0.678,10,high,express,256.266
128,87.47,3.7,2.96,0.704,22,low,standard,333.161
129,155.41,-0.8,0.15,0.53,2,low,standard,224.102
130,158.01,1.7,0.73,0.89,6,low,standard,279.674
131,204.12,1.2,2.7,0.637,11,low,standard,377.978
132,160.7,0.5,1.65,0.693,0,low,standard,266.263
133,118.14,-2.2,0.0,0.825,7,high,standard,250.262
134,232.06,1.5,2.52,0.79,4,low,standard,422.862
135,73.41,-1.1,4.55,0.912,1,low,express,244.625
136,43.09,0.4,2.48,0.769,4,low,standard,96.375
137,72.04,0.1,4.53,0.919,9,high,standard,214.021
138,132.51,-0.9,2.55,0.557,21,low,standard,249.634
139,122.87,3.6,4.3,0.664,6,low,standard,408.409
140,39.41,-1.1,0.0,0.884,18,high,standard,98.4
141,95.52,1.7,1.93,0.877,12,high,standard,246.414
142,225.22,0.4,7.23,0.847,18,low,standard,528.672
143,192.5,-2.3,1.79,,20,low,standard,366.668
144,100.68,1.7,2.55,0.889,3,low,express,292.883
145,72.33,4.0,4.35,0.991,18,low,standard,353.09
146,58.8,0.3,1.08,0.784,0,low,standard,116.425
147,132.71,0.8,0.23,0.392,8,low,express,224.33
148,53.32,2.7,1.97,0.897,13,high,standard,224.38
149,64.3,2.1,1.64,0.369,18,low,standard,180.33
150,40.55,-3.3,4.44,0.581,12,high,standard,264.249
151,169.28,-0.2,4.98,0.721,16,high,standard,373.663
152,164.34,3.2,4.43,0.579,15,high,standard,485.683
153,140.57,-2.1,0.63,0.758,18,low,standard,258.129
154,60.03,1.6,5.42,0.757,4,low,express,214.733
155,216.44,-1.9,0.0,0.707,18,low,standard,307.81
156,152.37,-0.9,2.7,0.712,0,low,standard,288.08
157,192.46,-1.2,3.47,0.736,0,high,standard,416.713
158,221.34,0.9,0.0,0.407,0,low,standard,316.56
159,203.73,1.2,4.99,0.657,4,low,standard,447.48
160,157.91,-1.5,0.62,0.633,4,low,standard,275.552
161,136.6,1.3,1.67,0.84,6,high,express,291.862
162,172.73,0.0,4.78,0.77,7,low,standard,345.908
163,159.39,1.6,0.0,0.476,23,low,standard,256.978
164,81.47,-3.4,0.0,0.38,12,low,standard,246.939
165,174.13,-2.8,1.45,0.699,5,low,standard,385.206
166,155.73,-2.2,2.97,0.728,2,low,standard,345.861
167,158.32,-0.9,6.88,0.515,10,high,express,485.063
168,149.05,-0.7,1.68,0.668,21,low,standard,239.643
169,165.21,-3.4,4.15,0.507,11,low,standard,424.651
170,87.29,0.5,5.28,0.834,18,low,standard,243.325
171,68.47,-0.2,0.0,0.59,3,low,express,101.148
172,149.22,2.5,3.5,0.502,18,low,standard,364.479
173,72.91,0.1,0.94,0.962,3,low,standard,107.005
174,66.81,2.8,1.64,0.472,17,high,standard,254.572
175,106.62,-0.9,0.0,0.456,17,low,standard,168.635
176,144.04,-2.0,0.71,0.756,19,low,standard,285.848
177,224.18,-0.9,4.96,0.955,16,high,standard,480.848
178,159.03,1.7,0.0,0.499,16,high,express,307.579
179,221.96,-2.0,1.45,0.96,6,low,standard,383.619
180,134.63,-0.3,,0.526,8,low,standard,285.522
181,208.21,-1.6,1.48,0.644,22,low,standard,348.508
182,108.22,3.5,3.91,0.533,8,low,standard,370.62
183,123.34,1.3,3.48,0.444,9,high,standard,331.107
184,280.96,2.3,5.07,0.545,13,high,standard,657.983
185,100.02,-3.5,5.64,0.65,11,high,standard,433.449
186,83.39,1.8,0.97,0.417,8,low,express,204.325
187,92.43,1.4,1.94,0.87,14,low,standard,226.449
188,48.66,-2.4,1.04,0.701,9,high,standard,177.159
189,69.1,1.4,0.0,0.289,9,high,standard,154.782
190,254.81,-0.2,3.9,0.814,23,low,standard,441.022
191,186.9,-1.9,3.7,0.801,6,low,express,434.284
192,171.59,-1.1,4.61,0.683,14,low,standard,394.816
193,266.71,0.2,6.37,0.523,9,high,express,662.481
194,124.35,0.7,3.24,0.851,23,low,standard,246.756
195,85.98,-2.0,1.34,0.937,23,low,standard,198.455
196,147.85,4.1,6.71,0.801,8,low,express,566.155
197,88.76,-0.8,0.09,0.941,6,low,standard,141.864
198,152.77,-2.3,3.6,0.611,16,high,standard,429.21
199,124.81,0.8,5.06,0.962,15,low,standard,281.553
200,103.96,2.2,5.17,0.789,19,low,standard,305.079
201,71.63,-0.1,2.78,0.824,1,low,standard,160.111
202,272.15,0.7,4.85,0.917,20,low,standard,520.704
203,96.61,1.3,,0.883,7,low,standard,266.136
204,130.39,-1.7,0.0,0.725,4,low,express,244.407
205,73.18,-1.0,0.98,0.515,9,high,standard,177.822
206,132.4,-1.3,2.09,0.519,15,high,standard,301.98
207,22.69,-2.0,4.69,0.399,17,high,standard,186.023
208,119.4,-4.8,1.41,0.954,5,low,standard,380.279
209,89.43,-3.3,5.54,0.944,7,low,standard,357.363
210,122.91,0.8,0.72,0.523,7,low,standard,201.865
211,109.79,-3.0,5.52,0.552,15,high,standard,443.015
212,156.75,2.0,0.98,0.557,10,high,standard,327.798
213,188.82,-1.0,3.27,0.688,20,low,standard,378.46
214,121.28,1.7,0.0,0.745,7,low,standard,238.973
215,152.95,0.4,0.25,0.735,15,high,standard,207.499
216,222.96,-0.8,2.46,0.445,10,low,standard,381.63
217,173.95,4.2,0.0,0.742,21,low,standard,369.302
218,50.46,1.9,3.41,0.819,12,low,standard,186.134
219,95.6,-0.7,0.0,0.322,11,high,standard,162.437
220,27.41,3.6,3.74,0.879,8,low,standard,219.57
221,235.84,0.7,2.97,0.793,3,low,standard,406.642
222,140.47,-1.2,3.87,0.951,14,high,standard,338.389
223,185.52,1.0,5.42,0.589,13,low,standard,398.821
224,73.96,-0.3,2.51,0.689,22,low,express,169.91
225,201.53,0.8,5.27,0.675,6,low,standard,447.155
226,216.78,1.7,2.49,0.848,6,low,standard,420.125
227,139.01,-2.0,2.81,0.873,0,low,express,334.782
228,106.14,0.4,4.49,0.434,4,low,standard,246.313
229,60.36,0.3,3.73,0.533,18,low,standard,163.468
230,194.25,-0.1,4.74,0.9,20,low,standard,361.347
231,142.7,-0.2,3.83,0.77,3,low,standard,287.376
232,169.69,2.7,0.0,0.402,13,high,standard,343.239
233,73.9,1.1,0.0,0.616,23,low,standard,149.896
234,141.99,-2.6,2.26,0.477,14,high,standard,372.934
235,84.56,0.1,2.51,0.781,8,low,standard,155.157
236,132.55,-0.4,4.78,0.954,16,high,standard,321.72
237,138.84,-0.2,5.59,0.945,23,high,standard,345.24
238,149.35,-1.1,3.05,0.746,7,low,standard,323.455
239,122.76,-1.3,2.9,0.752,3,low,standard,276.725
240,82.94,-1.3,1.81,0.666,9,low,standard,197.418
241,236.66,2.1,1.85,0.803,11,high,standard,487.269
242,40.82,3.2,0.0,0.551,21,low,standard,155.749
243,24.64,-0.7,0.0,0.361,23,low,standard,68.236
244,222.9,-3.4,2.41,0.767,4,low,standard,472.09
245,35.05,-0.4,1.36,0.782,6,low,standard,73.598
246,134.52,0.2,4.65,0.494,10,high,express,355.84
247,109.93,-0.3,2.37,0.792,13,low,standard,205.816
248,198.37,0.4,1.56,0.661,9,high,standard,320.229
249,141.63,-0.9,0.59,0.791,17,low,express,243.897
250,178.17,2.2,3.0,0.748,19,low,standard,398.152
251,200.69,-2.9,3.45,0.749,5,high,standard,520.886
252,86.48,2.7,,0.739,1,low,standard,202.796
253,104.33,-0.2,1.85,0.75,8,high,standard,207.489
254,115.66,-0.4,0.0,0.942,4,high,standard,177.87
255,50.8,0.2,2.04,0.87,10,high,express,116.831
256,113.05,-0.3,3.09,0.362,17,high,express,265.888
257,107.28,-0.6,0.0,0.75,6,low,standard,151.0
258,222.75,0.0,2.46,0.839,8,low,standard,345.366
259,112.73,0.7,2.56,0.868,10,low,express,236.657
260,189.14,-2.4,3.49,0.911,17,high,standard,467.498
261,125.72,1.2,2.53,0.864,0,low,standard,261.277
262,189.01,0.3,0.0,0.376,12,high,standard,260.685
263,219.34,-2.4,5.06,0.241,2,low,standard,521.519
264,30.08,-1.6,2.65,0.815,1,low,standard,134.489
265,107.75,1.1,1.19,0.799,6,low,express,240.771
266,121.54,3.0,3.5,0.591,1,low,standard,356.116
267,60.25,-0.2,0.0,0.682,20,low,standard,98.804
268,134.97,-3.1,3.5,0.945,11,high,standard,407.565
269,128.31,-0.6,4.74,0.604,16,high,standard,307.649
270,217.98,0.1,2.31,0.979,9,high,standard,375.921
271,68.56,-0.2,0.38,0.266,2,low,standard,141.365
272,47.25,-0.2,1.01,0.57,9,low,standard,90.257
273,34.44,0.9,1.94,0.887,4,high,standard,134.003
274,87.91,0.0,1.68,0.665,2,high,standard,158.141
275,119.81,-2.7,3.82,0.635,21,low,standard,345.393
276,182.68,-2.8,3.39,0.958,19,low,standard,412.88
277,100.48,1.5,0.65,0.492,6,high,express,223.83
278,175.89,-0.4,2.75,0.681,19,low,standard,329.584
279,152.14,-0.5,0.0,0.629,18,,standard,184.85
280,251.3,0.4,3.1,0.775,10,low,express,456.289
281,94.54,1.0,3.19,0.918,9,low,standard,217.492
282,182.48,-2.1,4.6,0.819,6,low,standard,424.53
283,102.57,-2.5,4.57,0.976,18,low,standard,343.492
284,51.43,3.7,3.53,0.679,12,high,standard,305.182
285,72.88,-1.6,2.83,0.565,9,high,standard,204.239
286,142.56,-1.0,4.72,0.804,18,low,standard,329.202
287,189.28,-0.8,0.5,0.852,18,low,standard,272.381
288,34.16,-2.3,0.37,0.797,23,,express,156.271
289,110.0,1.2,1.0,0.974,8,low,standard,210.337
290,205.65,-1.6,3.0,0.472,8,high,standard,426.729
291,173.17,0.8,6.22,0.621,1,low,standard,393.539
292,132.23,0.2,1.97,0.519,15,high,standard,242.765
293,26.15,2.4,2.31,0.647,6,low,standard,155.841
294,124.26,3.3,2.73,0.72,11,high,standard,389.251
295,53.53,0.1,4.32,0.772,1,low,standard,146.323
296,84.74,2.7,3.69,0.508,7,low,express,290.535
297,111.04,0.5,5.84,0.401,23,low,express,310.746
298,159.45,-1.5,6.26,0.871,22,low,express,441.834
299,198.68,0.6,2.78,0.905,19,high,standard,382.49
300,172.07,1.3,0.0,0.838,10,low,standard,259.979
301,91.39,0.9,2.6,0.676,19,high,express,237.078
302,163.95,0.6,0.76,0.227,12,low,standard,233.766
303,125.89,-0.9,6.7,0.728,14,low,standard,334.32
304,186.99,2.7,5.67,0.56,21,low,standard,508.76
305,221.45,2.5,3.26,0.923,23,low,standard,451.854
306,72.34,1.2,2.29,0.766,23,high,express,230.009
307,80.76,-3.6,1.24,0.732,10,low,standard,278.956
308,162.98,-0.5,5.38,0.625,18,high,standard,395.859
309,108.16,-1.3,5.26,0.931,17,low,standard,310.563
310,248.38,-0.2,0.0,0.845,22,low,standard,298.953
311,177.99,2.8,2.75,0.97,18,low,standard,396.765
312,121.62,-1.9,0.41,0.963,9,high,express,272.078
313,196.74,3.2,3.86,0.921,10,high,standard,535.234
314,162.96,1.4,0.0,0.528,15,low,express,246.167
315,179.63,-1.6,0.18,0.734,22,high,express,319.27
316,228.88,0.9,2.93,0.496,9,high,standard,442.811
317,61.42,1.0,1.26,0.518,6,high,express,159.897
318,159.56,0.1,1.03,0.477,14,low,standard,210.072
319,173.84,1.8,4.01,0.78,4,low,express,423.873
320,199.92,1.6,1.47,0.609,20,low,standard,340.402
321,137.96,-3.7,6.65,0.862,10,high,standard,528.42
322,189.98,2.4,4.98,0.98,20,low,standard,485.887
323,197.0,3.5,2.51,0.621,14,low,standard,456.81
324,49.49,-3.4,0.91,0.809,20,low,standard,226.964
325,136.31,-1.2,3.8,0.852,12,high,standard,343.991
326,67.99,-1.5,0.0,0.567,11,high,standard,149.123
327,62.22,1.9,0.0,0.818,1,low,express,154.611
328,183.59,0.5,0.14,0.751,4,low,standard,250.31
329,66.91,2.5,2.23,0.557,13,high,standard,253.741
330,80.16,-1.9,2.32,0.596,3,high,standard,237.081
331,30.14,-3.7,1.83,0.934,23,low,standard,196.831
332,227.58,2.2,3.7,0.613,18,low,standard,483.415
333,216.91,1.9,3.98,0.534,9,low,standard,478.458
334,154.87,-0.4,1.03,0.667,22,low,standard,217.958
335,96.08,-2.3,3.32,0.644,22,low,standard,279.059
336,172.12,-2.6,2.6,0.491,22,low,express,395.204
337,194.68,-0.6,7.52,0.786,6,low,standard,485.707
338,185.4,-1.4,3.69,0.959,22,low,standard,378.597
339,125.66,-5.2,4.48,0.609,23,high,standard,507.468
340,82.76,-1.3,2.61,0.834,11,low,standard,199.939
341,81.46,-2.4,3.78,0.699,23,high,standard,275.245
342,38.86,-2.2,1.76,0.804,0,low,standard,148.763
343,42.51,1.1,1.17,0.654,8,low,standard,93.5
344,145.33,1.2,0.0,0.491,0,low,standard,221.882
345,193.05,1.2,1.25,0.895,22,low,standard,308.719
346,88.88,-0.1,2.72,0.794,2,low,express,195.429
347,165.84,-1.7,0.0,0.39,7,low,standard,272.961
348,186.31,-4.2,4.91,0.835,18,low,standard,537.894
349,79.25,0.6,6.2,0.735,1,low,express,248.709
350,144.56,-2.1,1.42,0.569,14,high,standard,321.993
351,93.82,-2.0,0.0,0.4,1,low,express,194.411
352,114.23,-0.4,2.37,0.476,15,high,express,259.711
353,129.96,-0.4,3.45,0.471,5,low,standard,276.651
354,142.63,1.9,5.77,0.465,4,low,standard,392.746
355,145.56,4.2,0.72,0.625,13,low,express,390.624
356,205.29,-2.2,2.2,0.828,20,low,standard,398.162
357,115.6,-0.9,3.74,0.257,5,low,express,291.729
358,182.43,2.0,4.74,0.762,6,low,standard,435.714
359,71.81,0.6,5.27,0.648,23,,express,222.466
360,136.9,-0.0,6.91,0.982,2,low,express,379.097
361,160.06,-0.2,5.26,0.554,4,high,standard,376.192
362,163.82,1.8,2.96,0.771,7,low,standard,344.251
363,42.38,-1.8,1.12,0.683,10,high,standard,158.699
364,96.15,-2.9,4.57,0.633,16,high,standard,380.749
365,52.19,-0.1,2.37,0.708,12,low,standard,100.88
366,97.62,-0.1,0.4,0.996,14,low,standard,122.721
367,90.22,-3.9,2.4,0.909,0,high,standard,347.018
368,48.34,1.2,0.27,0.847,15,low,express,127.968
369,122.55,0.3,5.37,0.707,8,high,express,327.851
370,54.74,1.5,0.0,0.827,3,low,express,131.712
371,184.24,2.1,2.25,0.562,22,low,standard,365.842
372,76.85,0.1,4.56,0.969,17,low,standard,207.004
373,61.5,0.3,0.0,0.387,11,high,standard,100.037
374,38.68,-0.3,0.0,0.783,16,low,express,53.3
375,229.66,3.6,0.0,0.769,21,low,express,430.611
376,47.35,0.1,0.64,0.714,19,high,standard,80.55
377,43.9,-2.3,4.61,0.742,16,high,standard,239.775
378,176.69,-0.8,5.62,0.695,3,low,standard,381.753
379,106.64,-1.7,5.34,0.812,2,low,standard,342.698
380,165.91,1.3,0.0,0.774,8,low,standard,238.998
381,47.24,1.9,2.02,0.949,12,low,standard,175.198
382,61.05,-0.7,3.72,0.466,1,low,standard,173.495
383,44.4,-1.3,3.99,0.649,7,low,standard,136.179
384,248.25,-0.3,0.0,0.681,4,low,standard,310.849
385,198.91,-2.2,0.0,0.98,20,low,standard,331.633
386,59.83,-0.9,0.0,0.324,0,low,express,110.621
387,99.28,1.3,7.4,0.773,2,low,standard,337.071
388,109.1,0.4,7.6,0.986,6,low,standard,322.722
389,108.13,-1.2,5.98,0.657,22,high,standard,343.569
390,190.36,2.3,4.77,0.92,3,low,standard,476.997
391,232.46,-3.4,4.6,0.829,10,high,standard,615.412
392,130.23,-0.3,1.03,0.545,11,low,standard,194.555
393,89.87,-0.2,0.0,0.665,23,low,express,137.72
394,250.92,2.8,1.1,0.441,4,low,standard,473.268
395,82.15,-2.1,2.4,0.889,12,low,standard,213.715
396,107.31,-2.6,4.0,0.637,3,low,standard,324.419
397,61.84,0.4,3.62,0.987,22,low,express,170.792
398,69.96,1.1,3.85,0.93,0,high,express,228.267
399,245.39,-2.2,3.99,0.81,17,high,standard,553.062
400,61.38,2.2,1.5,0.987,14,low,standard,207.62
401,96.6,-2.7,3.78,0.62,11,high,express,365.246
402,159.37,-1.5,1.44,0.568,4,low,standard,303.021
403,102.91,0.5,4.8,0.483,6,low,standard,263.92
404,251.68,-2.7,3.48,0.368,20,low,express,582.836
405,158.39,2.9,0.0,0.763,6,low,standard,311.791
406,150.74,-1.8,0.82,0.57,9,high,standard,294.596
407,83.84,-0.9,5.07,0.578,2,low,standard,220.717
408,151.31,3.8,1.65,0.965,17,low,standard,377.762
409,97.49,0.7,1.81,0.949,21,high,standard,194.355
410,108.13,-2.3,4.87,0.463,7,low,standard,337.262
411,42.38,3.6,1.08,0.944,0,low,standard,208.986
412,225.31,0.9,5.05,0.543,8,high,standard,518.2
413,135.91,-1.6,0.0,0.508,20,low,standard,218.409
414,180.56,-2.3,3.43,0.47,2,low,standard,396.248
415,76.75,-4.3,2.14,0.963,0,low,standard,290.15
416,82.68,-1.6,4.39,0.921,8,low,standard,247.172
417,104.06,1.7,5.35,0.854,10,high,standard,321.283
418,232.61,-3.1,0.0,0.889,13,low,standard,393.936
419,49.62,2.5,3.5,0.43,23,high,standard,223.183
420,61.0,1.8,0.0,0.549,11,low,standard,147.326
421,160.35,-4.3,0.0,0.692,14,low,standard,351.115
422,81.44,0.7,6.74,0.751,18,low,standard,248.801
423,76.54,0.9,0.0,0.877,15,high,standard,129.341
424,121.31,0.8,7.53,0.69,17,high,standard,383.442
425,148.94,-2.7,4.9,0.543,16,high,standard,452.806
426,73.11,-0.6,7.15,0.67,0,low,standard,242.342
427,89.99,0.1,0.0,0.75,11,low,standard,129.415
428,249.04,-0.7,1.5,0.771,19,high,standard,419.965
429,113.9,-0.5,1.79,0.769,13,high,standard,201.185
430,109.02,-0.3,1.79,0.799,8,high,standard,228.757
431,99.74,1.8,5.75,0.863,12,high,standard,365.683
432,207.75,1.0,2.53,0.649,17,low,standard,354.83
433,165.44,3.5,4.3,0.772,23,low,standard,468.287
434,105.41,-2.4,6.4,0.54,20,low,express,405.081
435,120.27,-1.6,2.34,0.455,22,low,standard,277.814
436,224.9,-0.6,6.92,0.779,0,low,standard,514.599
437,220.03,-0.6,0.58,0.814,12,high,standard,332.545
438,234.05,3.2,1.21,0.62,19,low,standard,434.511
439,119.29,3.3,0.0,0.222,22,low,standard,264.069
440,99.58,0.0,0.0,0.265,11,high,standard,156.389
441,165.94,2.8,3.95,0.449,8,low,express,444.206
442,76.14,-2.1,1.77,0.854,9,low,standard,225.054
443,66.25,2.4,5.37,0.89,1,low,standard,272.913
444,84.55,-3.4,1.44,,12,low,standard,259.903
445,165.38,-2.2,6.42,0.398,9,low,standard,466.8
446,102.94,-1.5,2.97,0.808,18,high,standard,268.495
447,102.5,-2.8,3.11,0.637,16,high,standard,330.752
448,98.49,-1.4,3.31,0.319,23,high,standard,276.367
449,200.38,-3.1,7.43,0.652,3,high,standard,633.485
450,45.38,2.0,4.06,0.42,2,low,standard,196.636
451,191.07,-1.6,3.54,0.715,9,high,express,463.642
452,111.93,2.5,0.0,0.724,22,low,standard,211.751
453,219.51,-0.8,0.0,0.816,18,low,standard,311.803
454,155.45,2.1,3.96,0.369,12,low,standard,392.552
455,47.91,-0.7,4.19,0.51,2,low,express,169.38
456,134.61,-2.9,3.22,0.886,14,low,standard,356.579
457,91.29,1.1,5.74,0.825,13,low,standard,295.614
458,164.81,-1.0,2.24,0.969,13,low,standard,284.025
459,92.97,-2.6,2.84,0.663,8,low,standard,287.717
460,123.71,0.9,0.83,0.911,22,low,standard,216.726
461,144.94,0.6,0.0,0.722,22,high,express,229.963
462,164.91,0.8,2.31,0.608,14,high,express,328.523
463,103.62,-0.2,5.21,0.899,5,low,standard,252.495
464,108.14,-1.6,2.56,0.916,17,high,standard,286.429
465,43.37,1.1,0.94,0.794,11,low,standard,119.345
466,85.85,-0.2,0.63,0.299,6,low,standard,118.029
467,190.87,0.5,5.45,0.98,3,low,standard,396.895
468,36.94,2.1,5.46,0.908,18,low,standard,193.508
469,65.57,3.0,2.18,0.441,6,low,standard,233.307
470,102.74,-2.0,3.92,0.692,4,low,express,317.829
471,169.64,-4.6,2.61,0.401,13,high,standard,529.898
472,43.64,0.5,3.77,0.165,23,low,standard,153.004
473,151.27,0.1,0.0,0.723,7,low,standard,184.848
474,35.37,0.4,0.0,0.324,13,high,standard,76.453
475,92.94,-1.4,5.24,0.521,10,low,standard,267.194
476,92.45,0.3,4.86,0.811,16,high,standard,247.307
477,164.53,-1.0,4.16,0.574,22,low,express,384.03
478,214.16,0.4,2.32,0.647,15,high,standard,372.323
479,249.19,-3.1,2.04,0.867,15,low,standard,478.055
480,123.34,0.1,2.79,0.891,22,low,express,224.883
481,174.41,-0.5,2.09,0.773,9,high,standard,328.487
482,74.32,4.9,2.63,0.876,14,high,standard,355.686
483,88.07,1.3,3.17,0.402,3,low,standard,249.99
484,46.74,1.4,4.67,0.639,21,low,standard,189.281
485,177.5,1.7,6.37,0.394,5,low,standard,480.948
486,129.79,3.2,0.0,,20,low,standard,296.111
487,116.83,1.9,0.86,0.565,1,low,standard,256.894
488,99.19,1.6,3.0,0.592,15,high,standard,256.518
489,77.25,-0.9,0.43,0.731,17,high,standard,163.425
490,102.45,-2.4,3.3,0.59,22,low,standard,285.68
491,88.66,4.8,1.41,0.903,20,low,standard,358.377
492,152.41,-2.4,3.62,0.785,8,high,standard,403.783
493,81.9,-1.3,0.0,,1,low,express,173.583
494,217.29,2.7,3.72,0.738,17,high,standard,513.062
495,185.74,1.4,6.56,0.704,9,high,standard,506.03
496,85.77,1.3,0.0,0.813,20,high,standard,171.543
497,188.73,-1.1,0.0,0.815,17,high,standard,281.496
498,272.15,2.0,1.34,0.866,3,high,standard,510.27
499,263.77,-1.6,0.28,0.513,8,low,standard,391.734
500,105.65,-0.0,1.18,0.411,9,low,standard,159.302
501,126.77,0.1,3.6,0.632,6,low,standard,232.342
502,131.53,0.2,4.31,0.347,11,high,standard,298.369
503,157.29,-2.5,3.7,0.844,0,low,standard,379.059
504,131.1,-0.2,0.0,0.881,18,low,standard,179.007
505,233.27,1.3,8.04,0.746,22,low,standard,606.126
506,145.36,1.7,6.03,0.593,19,low,standard,379.444
507,81.7,-2.0,2.17,0.926,22,low,express,258.854
508,128.49,-1.2,4.13,0.944,1,low,standard,295.192
509,80.38,-4.8,2.44,0.914,15,low,standard,337.282
510,243.62,-1.1,5.75,0.541,1,low,standard,552.112
511,157.51,1.2,1.43,0.511,18,low,standard,284.43
512,120.82,-2.0,0.96,0.658,23,low,standard,222.634
513,140.4,1.1,4.35,0.588,13,low,standard,328.207
514,49.81,-1.5,2.62,0.851,1,low,express,172.558
515,59.6,3.9,7.38,0.687,18,low,standard,373.398
516,73.98,-1.0,3.73,0.971,22,low,standard,199.415
517,84.38,-0.5,0.0,0.628,10,low,express,126.187
518,72.81,2.6,6.57,0.673,10,low,express,355.557
519,59.55,-1.2,0.0,0.821,18,low,standard,111.822
520,146.35,-2.9,3.97,0.442,10,high,express,459.686
521,175.23,2.2,2.49,0.926,16,low,standard,369.472
522,131.3,3.4,3.82,0.882,5,low,standard,407.329
523,153.85,-0.9,6.86,0.702,22,low,standard,391.36
524,57.65,-1.6,1.92,0.379,7,low,express,175.023
525,144.98,-0.4,1.97,0.544,3,low,standard,238.587
526,206.43,-2.4,5.32,0.905,11,low,standard,518.545
527,86.23,-1.4,4.61,0.656,13,high,standard,280.445
528,145.34,-2.2,1.7,0.682,20,low,standard,304.742
529,211.9,-2.4,3.68,0.644,8,low,express,485.968
530,82.73,-1.2,2.3,,10,high,standard,189.271
531,38.55,2.8,4.84,0.677,16,low,express,232.204
532,158.6,-0.4,4.0,0.771,9,low,express,352.978
533,116.15,-0.7,1.31,0.749,20,low,standard,194.598
534,192.55,1.2,1.84,0.9,14,high,standard,364.966
535,260.42,0.2,0.0,0.773,14,low,standard,334.936
536,102.05,3.3,0.0,0.986,13,high,standard,273.323
537,160.24,2.4,1.86,0.954,16,high,standard,390.239
538,96.72,-1.8,1.29,0.82,9,low,standard,213.075
539,128.78,0.1,2.99,0.735,5,low,standard,246.462
540,153.65,-1.3,2.13,0.624,23,high,express,352.839
541,129.76,-0.0,6.61,0.906,7,low,standard,331.28
542,129.17,-1.4,5.11,0.426,19,high,standard,364.398
543,203.95,0.1,6.49,0.595,1,low,standard,453.754
544,124.95,2.3,3.63,0.739,9,low,standard,350.462
545,63.01,-0.3,1.66,0.742,6,low,standard,126.429
546,156.38,-3.0,2.94,0.497,11,high,standard,414.529
547,116.72,-0.0,3.68,0.512,4,low,standard,236.631
548,73.56,-0.5,2.32,0.821,6,low,standard,160.866
549,95.75,3.5,0.0,0.771,14,high,standard,278.681
550,149.61,-2.3,1.45,0.855,21,low,standard,326.038
551,33.01,1.7,2.61,0.567,21,high,standard,166.344
552,191.42,-2.1,2.01,0.728,16,high,standard,442.042
553,56.35,1.7,1.92,0.972,9,low,standard,185.965
554,119.91,0.4,1.66,0.834,10,high,standard,201.211
555,125.61,-0.8,0.0,0.659,20,low,standard,166.213
556,133.57,-2.7,2.1,0.913,16,low,standard,321.926
557,63.53,3.6,3.26,0.48,17,high,express,315.707
558,138.24,-1.7,2.09,0.494,7,high,standard,283.967
559,95.42,-0.6,3.04,0.34,5,low,standard,205.719
560,53.47,-0.0,0.0,0.507,22,low,express,71.453
561,216.38,2.0,0.0,0.644,1,low,standard,331.454
562,216.43,-1.9,5.97,0.621,4,high,express,613.861
563,170.38,-0.6,0.0,0.74,9,low,standard,207.431
564,237.94,1.9,3.95,0.59,19,low,express,525.81
565,101.02,2.8,5.08,0.554,2,low,standard,367.056
566,285.88,1.6,3.86,0.739,19,low,standard,536.661
567,177.23,0.5,5.48,0.884,3,low,standard,390.749
568,90.61,-3.3,1.59,0.572,21,low,express,280.208
569,152.94,-2.4,0.95,,5,low,express,324.325
570,145.41,2.0,2.46,0.821,16,high,standard,363.848
571,152.69,1.1,2.27,0.908,18,low,standard,295.349
572,102.47,-0.3,2.95,0.715,10,low,standard,191.184
573,127.63,3.0,4.16,0.744,8,low,standard,367.974
574,76.77,1.3,2.29,0.319,6,high,standard,193.937
575,54.51,-1.0,2.23,0.831,11,high,express,153.432
576,139.52,1.1,0.0,0.849,14,low,standard,214.587
577,167.3,1.7,2.81,0.754,12,high,standard,377.935
578,193.8,-1.0,5.57,0.825,16,low,standard,431.949
579,231.95,1.2,0.0,0.948,2,low,standard,327.444
580,191.96,-0.7,0.0,0.544,2,low,express,283.734
581,223.93,0.0,1.97,0.526,17,low,standard,318.551
582,202.53,-1.4,1.84,0.94,9,low,express,372.794
583,69.04,-0.0,2.94,0.351,22,,standard,142.394
584,67.69,1.5,2.1,0.91,9,low,standard,200.585
585,208.79,1.3,1.5,0.845,22,low,standard,347.824
586,147.54,1.7,6.61,0.592,3,low,standard,447.611
587,159.49,1.6,2.6,0.93,22,low,standard,329.176
588,125.02,-1.5,2.41,0.712,18,low,standard,284.021
589,63.46,-0.9,1.76,0.644,23,low,standard,141.295
590,64.93,0.1,,0.914,16,high,standard,148.316
591,152.24,2.9,2.38,0.658,16,low,standard,386.112
592,123.42,2.4,0.0,0.715,5,low,standard,245.466
593,277.77,3.1,3.19,0.749,19,low,standard,566.477
594,176.67,-2.2,3.77,0.84,13,high,standard,471.985
595,228.24,-2.3,0.0,0.565,1,low,standard,355.247
596,104.43,-1.6,2.13,0.8,7,low,standard,264.422
597,87.92,-3.1,0.0,0.714,20,low,express,249.28
598,55.36,0.0,3.98,0.879,20,high,express,188.008
599,162.15,2.6,1.11,0.581,0,low,standard,335.528
600,142.33,-0.7,0.21,0.557,6,high,standard,223.854
601,110.67,-1.2,2.1,0.844,5,low,standard,220.607
602,86.0,1.9,2.61,0.793,23,low,express,263.167
603,54.71,-2.8,0.0,0.576,1,low,standard,192.128
604,244.19,-1.2,3.48,0.684,16,low,standard,477.32
605,35.89,-0.6,2.02,0.863,13,high,standard,103.712
606,217.11,-0.4,1.34,0.472,23,low,standard,318.679
607,236.92,-2.9,0.0,0.805,15,low,standard,401.511
608,95.8,-0.4,2.04,0.844,9,low,standard,188.325
609,240.4,-0.0,1.46,0.933,20,low,standard,354.122
610,110.1,0.7,,0.979,10,high,standard,254.037
611,174.95,1.4,0.0,0.557,10,low,standard,248.909
612,180.88,-2.6,1.31,0.366,9,high,standard,423.021
613,153.48,0.7,3.67,0.863,11,high,standard,337.1
614,77.12,-0.3,5.4,0.278,14,low,standard,205.355
615,175.31,1.9,2.42,0.604,1,low,standard,350.359
616,180.42,1.0,0.0,0.599,17,low,standard,252.82
617,133.09,-0.4,1.99,0.641,15,low,express,245.848
618,79.08,-0.3,3.03,0.771,2,low,standard,166.257
619,89.27,-0.7,0.0,0.209,22,low,express,134.981
620,174.48,1.5,0.32,0.609,8,high,standard,306.347
621,99.63,-1.1,7.1,0.868,0,low,standard,325.652
622,129.57,-4.8,2.33,0.971,23,low,express,470.855
623,72.88,0.8,2.2,0.592,20,low,standard,170.121
624,74.8,1.7,3.45,0.298,14,high,express,271.337
625,119.2,-3.7,0.41,0.789,23,low,express,310.685
626,166.41,-2.2,3.45,0.893,8,high,express,469.76
627,108.67,0.4,5.07,0.545,15,high,standard,310.126
628,158.73,-0.1,4.3,0.547,11,high,standard,346.165
629,144.81,-1.4,0.68,0.473,1,low,express,257.808
630,127.11,-0.9,0.0,0.905,9,high,standard,196.37
631,97.58,1.0,1.67,0.778,3,low,express,194.166
632,55.85,2.2,0.76,0.494,7,high,standard,200.971
633,89.82,1.4,0.13,0.942,16,high,standard,166.974
634,104.25,0.5,5.15,0.824,20,low,standard,254.108
635,93.12,-0.7,6.04,0.896,23,low,standard,292.471
636,62.85,0.5,3.47,0.801,0,low,standard,135.668
637,91.02,0.1,3.61,0.868,14,high,express,215.905
638,142.11,-0.7,0.0,0.871,2,low,standard,173.848
639,223.48,1.8,6.02,0.562,10,low,standard,531.658
640,54.23,0.2,3.79,0.314,1,low,express,147.929
641,181.25,0.1,1.65,0.936,2,low,standard,269.305
642,41.46,1.1,2.85,0.816,16,high,standard,146.044
643,149.27,0.4,4.86,0.873,6,low,standard,333.967
644,20.06,0.4,4.5,0.787,6,low,standard,79.663
645,146.27,-0.5,0.45,0.603,15,low,standard,193.73
646,160.9,3.4,0.63,0.699,16,high,standard,393.129
647,129.49,-1.5,2.28,0.56,0,low,standard,270.565
648,113.63,-1.8,3.22,0.379,3,low,express,318.682
649,91.58,-1.6,1.94,0.895,6,low,standard,205.388
650,53.52,2.1,1.43,0.653,23,high,standard,178.776
651,44.81,1.1,2.54,0.398,1,low,standard,138.726
652,79.7,-0.2,0.53,0.436,3,low,standard,104.782
653,184.69,3.0,7.63,0.894,23,low,standard,570.344
654,143.6,-1.3,0.29,0.716,22,low,standard,237.679
655,241.54,-0.4,4.8,0.832,5,low,standard,467.121
656,26.5,-1.2,3.32,0.872,2,low,standard,139.723
657,91.55,-0.8,4.69,0.569,14,low,standard,260.124
658,86.14,-0.6,0.24,0.612,15,low,standard,124.349
659,85.16,-0.8,3.78,0.851,23,low,standard,201.879
660,55.22,5.2,0.35,0.316,3,low,express,300.602
661,153.63,-1.0,0.0,0.958,6,high,standard,242.55
662,246.59,0.6,3.98,0.393,18,low,standard,468.566
663,79.4,0.4,0.41,0.624,2,low,standard,107.474
664,102.8,0.8,1.35,0.885,0,low,express,206.851
665,238.03,-1.9,3.63,0.575,21,low,standard,488.687
666,114.76,-0.8,0.0,0.777,10,high,standard,194.024
667,96.55,-0.5,3.37,0.549,6,low,standard,212.008
668,67.07,1.4,5.45,0.767,0,high,standard,287.129
669,83.45,-0.6,0.0,0.966,22,low,standard,118.532
670,102.89,-1.8,0.0,0.822,7,low,standard,212.936
671,106.3,-0.7,0.44,0.394,1,low,standard,183.535
672,238.08,2.0,1.55,0.606,18,low,standard,407.495
673,106.02,0.7,6.28,0.608,7,low,express,306.54
674,26.18,2.0,0.0,0.751,13,low,standard,123.614
675,45.83,0.3,2.41,0.674,3,low,standard,110.742
676,165.94,-3.3,1.6,0.995,11,high,standard,411.603
677,79.27,1.7,6.81,0.448,14,low,standard,298.229
678,127.1,0.2,1.28,0.61,2,low,standard,214.519
679,129.69,-1.8,1.62,0.715,23,low,standard,275.508
680,128.18,-1.6,1.6,0.98,18,low,standard,243.207
681,68.14,0.1,3.34,0.574,15,high,standard,141.721
682,105.99,-1.7,3.33,0.819,9,high,standard,306.453
683,216.65,1.2,5.99,0.389,7,low,standard,484.573
684,138.81,2.0,1.01,0.922,11,high,standard,278.973
685,196.79,-2.9,2.99,0.819,22,low,standard,410.149
686,44.57,0.3,4.34,0.652,20,low,standard,146.741
687,136.09,1.2,0.0,0.548,16,high,standard,230.749
688,151.84,-0.6,1.63,0.497,5,high,express,298.018
689,133.34,0.7,3.33,0.527,14,high,standard,280.384
690,86.94,-1.4,2.06,0.507,5,low,standard,185.243
691,79.28,0.8,3.42,0.685,15,high,express,239.091
692,76.49,-2.9,0.41,0.962,11,low,standard,208.69
693,91.28,-1.0,3.46,0.66,18,high,standard,239.733
694,190.01,1.3,3.43,0.815,4,low,standard,389.335
695,226.06,4.3,0.0,,8,low,standard,425.719
696,233.17,-0.9,1.68,0.446,19,high,express,434.244
697,27.38,0.2,2.96,0.888,4,low,standard,65.491
698,233.57,1.9,1.85,0.865,18,low,standard,426.33
699,184.83,0.1,3.64,0.953,2,low,standard,332.303
700,118.85,1.8,3.32,0.545,0,low,standard,285.662
701,147.48,1.5,2.42,0.611,0,low,express,337.403
702,227.43,-2.5,0.16,0.974,8,low,standard,377.718
703,137.41,-0.0,3.27,0.856,0,low,standard,227.192
704,140.29,2.4,6.82,0.864,9,high,express,525.478
705,22.12,1.3,2.04,0.89,12,high,standard,143.796
706,43.71,3.3,1.13,0.571,10,low,standard,209.637
707,192.9,1.0,2.43,0.745,9,low,express,388.497
708,44.26,1.0,3.39,0.582,22,low,standard,149.708
709,213.29,0.1,1.56,0.669,13,high,standard,350.555
710,184.86,-0.5,4.14,0.562,16,low,standard,363.442
711,79.76,-0.4,0.65,0.631,22,low,express,144.89
712,104.01,-0.7,0.0,0.376,14,low,standard,148.631
713,71.25,-0.3,3.01,0.769,23,high,standard,188.956
714,107.83,-0.0,2.62,0.846,18,low,standard,194.355
715,81.92,0.3,0.0,0.348,22,low,standard,130.614
716,74.22,2.6,1.23,0.596,13,high,standard,250.126
717,83.52,1.4,5.31,0.704,19,low,standard,272.799
718,145.28,1.9,1.56,0.722,7,low,express,319.199
719,73.48,-4.6,1.47,0.8,17,high,standard,319.108
720,84.58,-0.7,1.58,0.715,8,low,standard,152.05
721,160.05,-2.0,3.9,0.629,20,low,standard,367.494
722,151.87,-3.1,5.26,0.941,11,low,standard,448.36
723,133.75,-2.0,0.47,0.378,7,low,standard,237.279
724,184.77,0.5,3.23,0.461,21,low,standard,353.737
725,162.1,-3.4,1.03,0.727,18,low,standard,360.189
726,158.0,-3.1,0.65,0.749,3,low,standard,327.18
727,196.65,0.5,1.07,0.579,9,low,standard,284.736
728,123.61,1.3,4.28,0.92,8,low,standard,314.207
729,160.51,-0.6,0.0,0.793,15,high,standard,246.755
730,174.9,0.7,2.9,0.361,11,high,standard,360.217
731,104.46,0.6,,0.819,0,low,standard,156.66
732,218.03,1.7,0.0,0.921,21,low,standard,317.76
733,74.87,-1.8,0.0,0.72,3,high,express,182.273
734,150.76,-2.6,0.0,0.683,20,low,standard,268.402
735,59.27,3.5,3.26,0.894,4,low,standard,275.741
736,98.75,-0.4,0.0,0.697,9,high,standard,138.725
737,166.09,1.7,0.0,0.699,22,high,standard,315.729
738,196.26,-1.8,6.25,0.954,23,high,standard,553.195
739,133.27,-1.2,0.87,0.337,17,low,standard,225.676
740,72.32,-2.0,0.98,0.829,0,low,standard,174.648
741,238.12,2.2,3.22,0.651,0,low,standard,516.534
742,166.39,-4.1,7.9,0.762,19,low,standard,606.537
743,86.32,-2.9,2.9,0.551,17,high,standard,290.197
744,37.0,-2.0,3.34,0.91,7,low,standard,167.404
745,59.09,1.5,3.24,0.355,19,low,express,212.194
746,150.26,-2.7,0.0,0.384,16,high,standard,309.239
747,217.92,-2.4,4.29,0.788,14,low,standard,470.763
748,142.18,-1.8,0.0,0.836,0,high,standard,279.043
749,106.52,0.0,0.0,0.671,7,high,standard,160.623
750,23.77,-2.8,5.78,0.479,12,low,express,201.645
751,67.97,-2.2,0.0,0.921,0,low,standard,154.753
752,183.78,-2.8,1.98,0.472,1,low,standard,392.821
753,97.82,-2.2,3.81,0.914,21,low,standard,315.868
754,226.85,2.4,3.82,0.661,21,low,express,520.825
755,180.38,-0.2,4.95,0.919,3,high,standard,393.181
756,55.26,-1.2,5.48,0.645,10,low,standard,233.106
757,239.81,-0.2,5.35,0.669,4,low,express,500.727
758,103.57,-3.4,2.55,0.918,7,low,standard,310.411
759,109.87,-4.1,2.43,0.936,14,high,standard,369.674
760,39.32,-0.5,1.93,0.416,5,low,standard,89.913
761,250.72,-1.2,2.52,0.576,17,high,standard,465.762
762,155.26,-2.1,0.0,0.636,1,low,standard,257.278
763,115.79,-4.2,1.45,0.784,22,high,standard,377.855
764,156.23,-1.2,2.95,0.951,4,low,standard,282.245
765,82.12,0.9,2.15,0.726,12,high,express,190.056
766,70.52,-2.2,0.97,0.483,19,high,standard,220.811
767,220.72,1.8,0.83,0.493,17,high,standard,399.028
768,24.11,0.6,0.93,0.929,14,high,express,81.376
769,98.66,-2.2,2.84,0.627,15,low,standard,266.05
770,118.71,1.0,0.73,0.787,22,low,standard,221.001
771,126.36,0.8,3.27,0.946,21,low,standard,265.96
772,50.2,-0.6,6.65,0.598,23,low,standard,168.559
773,120.97,0.1,2.24,0.792,2,low,standard,220.999
774,34.49,-2.4,2.14,0.706,15,high,standard,169.991
775,71.17,0.5,1.67,0.823,11,high,standard,137.686
776,195.79,3.6,0.0,0.442,11,low,standard,381.244
777,32.26,-0.9,2.3,,9,high,standard,108.284
778,75.84,-1.9,1.71,0.568,14,low,express,219.559
779,49.33,-2.7,0.0,0.748,23,low,standard,176.302
780,141.36,2.1,0.29,0.92,0,high,express,313.783
781,120.51,0.7,0.0,0.642,9,high,standard,193.807
782,224.38,-0.5,0.0,0.528,5,low,express,317.054
783,152.04,0.1,6.04,0.665,12,low,standard,332.585
784,133.04,-2.3,5.42,0.564,23,low,express,391.758
785,45.74,-1.5,0.0,0.789,14,high,express,132.997
786,142.49,-0.8,3.17,0.779,18,low,standard,265.275
787,34.82,0.1,0.0,0.954,10,low,standard,67.197
788,269.57,1.2,3.95,0.443,23,low,standard,504.949
789,177.63,0.8,3.83,0.942,3,low,standard,351.278
790,76.63,-3.4,0.0,0.683,18,,express,269.884
791,87.82,1.5,7.86,0.8,20,low,standard,326.383
792,147.51,0.9,4.13,0.862,11,low,standard,319.615
793,165.02,-1.1,4.98,0.757,19,low,express,410.081
794,86.41,-0.3,2.65,0.459,19,low,express,179.922
795,173.2,0.8,3.57,0.771,9,low,standard,369.941
796,244.97,2.7,1.96,0.756,19,low,standard,437.619
797,118.36,1.1,2.99,0.563,11,high,standard,278.164
798,103.27,1.5,4.92,0.973,4,high,standard,351.131
799,128.64,1.3,0.0,0.936,12,low,standard,204.307
800,52.53,0.7,5.01,0.558,18,high,standard,190.04
801,102.16,-1.3,2.42,0.708,12,high,standard,263.766
802,36.25,1.0,5.61,0.719,4,low,standard,140.213
803,128.19,-1.5,0.0,0.551,21,low,standard,213.357
804,116.38,0.9,2.88,0.405,0,low,standard,211.481
805,117.69,1.8,3.31,0.87,22,high,standard,329.871
806,118.21,3.2,4.49,0.765,20,low,standard,375.976
807,139.94,0.7,4.82,0.726,6,low,standard,313.084
808,141.76,-0.9,2.1,0.778,13,low,standard,267.684
809,185.19,0.7,4.73,0.702,9,high,express,467.744
810,59.71,1.2,2.88,0.9,4,low,standard,189.937
811,104.75,1.7,2.27,0.604,3,low,standard,225.328
812,98.97,0.3,4.36,0.517,0,low,standard,227.383
813,131.44,0.2,3.27,0.596,16,low,standard,234.482
814,64.89,-0.2,2.06,0.704,20,low,standard,118.008
815,208.08,-0.5,2.37,0.491,14,low,standard,373.826
816,47.83,-2.5,1.74,0.493,9,low,standard,175.8
817,217.11,2.6,1.74,0.639,5,low,express,453.053
818,219.21,1.8,0.0,0.737,1,low,standard,347.834
819,231.48,-2.4,3.05,0.456,21,low,standard,473.222
820,221.96,-0.1,0.0,0.663,21,high,standard,281.835
821,30.31,-1.7,1.58,0.84,6,low,standard,139.133
822,64.6,1.2,3.41,0.828,9,high,standard,203.941
823,125.62,-1.6,4.22,0.447,23,low,standard,339.161
824,95.97,-1.1,2.31,0.637,23,high,express,234.763
825,42.38,-0.8,0.78,0.623,2,low,standard,99.491
826,79.27,0.4,2.86,0.893,6,low,standard,163.059
827,88.49,-1.8,3.83,0.827,2,low,express,275.85
828,124.32,0.4,0.0,0.895,14,high,standard,183.042
829,122.04,0.6,0.93,0.787,23,low,standard,188.961
830,145.42,3.8,0.88,0.281,0,low,standard,367.883
831,78.93,-0.9,7.31,0.342,1,low,standard,260.186
832,157.83,0.1,0.0,0.762,20,low,standard,174.752
833,147.36,-0.3,7.73,0.701,0,low,standard,368.562
834,145.0,-2.4,0.31,0.638,2,low,standard,284.148
835,158.71,-1.2,0.0,0.433,5,low,express,278.275
836,110.7,1.3,4.62,0.648,3,low,standard,275.905
837,210.49,1.6,2.22,0.935,13,high,standard,441.15
838,40.93,-3.5,0.0,0.765,14,low,standard,175.973
839,216.91,0.8,0.0,0.816,3,low,express,282.981
840,39.04,1.7,4.05,0.712,18,low,standard,187.508
841,40.23,2.5,3.66,0.407,18,high,standard,217.712
842,205.47,4.1,1.93,0.721,0,low,express,493.685
843,62.8,3.1,6.56,0.215,2,low,standard,314.819
844,62.15,3.1,1.92,0.978,12,low,standard,224.161
845,134.22,-3.2,2.47,0.802,22,low,standard,338.168
846,142.11,-1.3,0.0,0.392,10,low,standard,208.794
847,160.7,0.2,3.7,0.757,7,low,standard,292.78
848,52.24,-1.1,0.0,0.814,2,low,standard,92.697
849,99.31,1.2,6.0,0.345,7,low,standard,292.999
850,175.14,-1.6,2.63,0.785,7,low,standard,349.39
851,244.76,-2.9,4.14,0.821,1,low,express,578.111
852,165.6,-1.2,2.17,0.54,2,low,standard,294.23
853,106.66,-2.7,3.17,0.754,5,low,standard,305.198
854,103.88,-4.0,1.02,0.759,20,low,standard,292.778
855,160.47,0.4,4.14,0.58,17,low,standard,325.874
856,97.76,-1.1,5.71,0.816,21,low,standard,292.956
857,116.03,-1.3,1.23,0.499,21,low,express,242.126
858,123.69,-2.1,0.21,0.536,0,low,standard,236.172
859,82.97,1.2,4.39,0.879,20,low,standard,224.525
860,119.96,-0.1,0.0,0.599,9,low,standard,176.331
861,83.65,-0.8,0.77,0.48,8,low,standard,152.027
862,105.32,-1.7,2.03,0.753,19,high,standard,276.361
863,74.76,0.5,5.0,0.318,21,low,standard,216.499
864,74.93,0.3,5.05,0.689,20,low,standard,199.166
865,95.14,2.0,1.5,0.853,21,low,standard,236.835
866,47.52,-1.8,1.38,0.566,14,low,standard,139.66
867,186.03,1.5,3.02,0.655,22,low,standard,382.624
868,113.88,-0.4,3.89,0.423,21,low,standard,260.615
869,76.25,0.2,0.0,0.882,5,low,standard,105.508
870,91.96,-0.9,2.57,0.735,0,low,standard,193.497
871,113.94,2.5,2.2,0.943,7,low,standard,271.063
872,102.54,0.9,0.81,0.604,13,low,standard,161.863
873,158.73,-1.8,4.19,0.873,22,low,standard,368.056
874,211.09,-0.4,2.7,0.653,2,low,standard,354.509
875,223.58,-0.7,5.04,0.77,20,low,express,467.421
876,48.63,-4.7,2.69,0.916,7,low,standard,298.013
877,66.13,0.5,3.57,0.32,16,high,standard,167.247
878,74.14,0.5,5.59,0.852,4,low,standard,201.268
879,155.04,-0.9,3.84,0.603,1,low,standard,335.312
880,45.2,2.0,0.23,0.966,0,low,standard,149.909
881,85.15,1.1,3.76,0.408,21,low,standard,235.337
882,165.89,-0.7,0.0,0.773,16,low,express,229.594
883,230.06,-0.4,3.8,0.816,21,low,standard,418.19
884,124.96,2.7,0.0,0.779,5,low,standard,242.402
885,122.42,-2.3,2.93,0.811,9,low,standard,307.571
886,185.71,3.8,3.73,0.699,21,low,express,527.955
887,101.29,0.4,1.29,0.476,3,low,standard,174.75
888,69.56,2.6,2.13,0.408,2,low,express,248.084
889,121.98,-2.2,1.76,0.478,18,low,standard,289.684
890,142.8,-0.7,1.63,0.57,21,low,express,261.509
891,104.64,-1.1,0.55,0.499,9,low,standard,160.047
892,180.42,-2.0,2.71,0.977,7,low,standard,378.753
893,143.28,4.2,4.97,0.809,15,low,standard,497.223
894,97.97,1.1,0.0,0.449,2,low,standard,163.723
895,244.97,0.2,4.05,0.848,3,low,standard,427.994
896,161.15,0.3,2.97,0.523,0,low,standard,312.077
897,105.36,3.4,0.47,0.574,8,low,standard,256.377
898,92.28,3.4,2.68,0.855,6,low,standard,304.369
899,156.39,1.3,3.7,0.83,23,low,standard,355.029
900,182.65,1.4,4.15,0.597,8,low,standard,374.059
901,117.37,-1.8,2.37,0.616,18,low,standard,266.859
902,59.06,1.1,2.37,0.29,3,low,standard,150.71
903,89.07,1.7,0.27,0.865,4,low,standard,173.053
904,100.75,-0.2,5.76,0.582,9,high,express,286.944
905,47.43,-4.0,0.94,0.435,12,low,standard,242.492
906,269.52,-2.0,5.1,0.946,22,high,standard,643.522
907,148.0,-0.7,0.0,0.519,7,low,express,219.847
908,110.81,0.3,0.43,0.376,21,high,standard,173.226
909,124.74,-2.0,0.88,0.754,8,low,standard,235.422
910,175.84,1.3,5.96,0.61,19,low,standard,430.481
911,87.77,-2.4,1.46,0.777,8,high,standard,273.49
912,116.59,4.1,0.94,0.542,16,high,standard,345.128
913,17.97,1.0,4.3,0.928,3,low,express,110.542
914,159.22,2.0,5.28,0.729,8,low,standard,436.141
915,66.04,-0.6,0.0,0.482,18,high,standard,127.63
916,120.9,0.2,0.61,0.571,20,low,standard,163.864
917,53.98,-3.1,1.59,0.79,12,high,standard,237.824
918,186.5,-1.9,3.87,0.674,10,high,standard,475.73
919,65.15,-0.0,2.61,0.71,1,high,express,145.823
920,48.67,-0.6,2.18,0.625,10,low,standard,107.452
921,90.35,-0.6,0.81,0.45,12,low,express,159.593
922,91.09,0.4,2.01,0.434,1,high,standard,172.527
923,76.45,1.1,1.51,0.359,20,low,standard,182.79
924,141.37,-2.3,0.0,0.764,18,high,standard,278.365
925,145.83,1.5,0.0,0.754,10,low,standard,242.087
926,79.52,2.8,1.34,0.69,14,high,standard,258.123
927,125.2,-2.5,1.47,0.654,14,low,express,320.322
928,26.75,-3.6,1.22,0.379,9,high,standard,209.175
929,174.49,1.0,0.0,0.93,12,high,standard,266.815
930,146.39,-1.8,3.14,0.923,6,low,express,346.872
931,191.33,0.4,0.17,0.769,11,low,standard,255.446
932,90.82,-0.0,1.11,0.577,15,high,standard,158.842
933,68.2,-0.4,4.74,0.371,18,low,standard,163.404
934,105.08,-0.1,5.11,0.492,2,low,standard,244.157
935,135.24,1.8,6.47,0.674,18,low,standard,396.5
936,192.75,-0.7,5.65,0.968,22,low,standard,436.444
937,118.91,1.9,0.52,0.991,5,low,standard,238.376
938,215.53,-0.6,1.42,0.779,8,low,express,356.094
939,102.49,-1.2,0.89,0.557,9,high,express,227.887
940,178.16,3.5,0.0,0.34,1,low,standard,347.872
941,50.27,-0.7,2.57,0.748,2,low,standard,144.301
942,95.17,0.0,4.36,0.402,4,low,standard,213.626
943,151.32,-0.5,3.56,0.772,3,low,standard,284.459
944,26.95,-1.2,3.64,0.676,3,low,standard,138.749
945,171.38,-1.2,0.37,0.982,11,high,express,308.15
946,55.56,1.4,4.87,0.782,19,low,standard,216.385
947,54.46,-0.1,4.07,0.773,2,low,standard,126.762
948,64.66,3.2,4.49,0.629,17,high,standard,308.767
949,149.26,1.7,4.04,0.472,12,low,express,371.588
950,108.43,-0.1,6.27,0.713,14,high,standard,290.04
951,205.61,-2.0,1.75,0.679,21,,standard,404.663
952,100.47,-1.5,1.1,0.937,0,low,standard,220.084
953,29.47,-0.1,2.63,0.447,18,low,standard,78.379
954,206.04,-0.0,2.06,0.725,12,high,express,364.536
955,78.06,-0.5,3.27,0.657,3,low,standard,174.309
956,102.03,-1.0,2.58,0.421,2,low,standard,213.581
957,76.94,2.4,0.42,0.633,1,low,standard,194.686
958,168.28,-1.2,0.92,0.575,20,low,standard,290.603
959,101.38,-2.1,4.36,0.59,16,high,standard,325.528
960,84.87,1.4,3.62,0.422,21,low,standard,230.041
961,84.83,1.2,2.58,0.346,16,low,standard,211.496
962,56.49,-1.8,1.72,0.697,16,high,standard,201.707
963,185.77,0.5,3.68,0.825,22,low,standard,347.21
964,265.69,1.5,2.55,0.773,19,high,standard,495.615
965,77.9,-2.7,1.68,0.618,5,low,standard,257.158
966,92.47,-1.3,4.31,0.491,10,high,express,315.195
967,94.55,-1.2,2.83,0.358,2,low,standard,214.167
968,98.21,0.2,2.91,0.984,2,low,standard,195.985
969,205.2,-0.6,2.97,0.868,22,low,express,405.453
970,144.32,0.8,0.0,0.745,3,low,standard,218.709
971,221.04,-0.8,3.09,0.52,10,high,standard,440.197
972,70.1,-3.2,3.88,0.662,6,low,standard,286.577
973,30.13,-0.6,5.8,0.956,3,low,standard,140.533
974,144.5,-1.1,4.77,0.557,14,low,standard,342.207
975,82.71,2.9,0.0,0.851,18,low,standard,210.052
976,243.49,2.7,3.29,0.598,3,low,express,548.433
977,39.21,1.9,4.22,0.891,7,high,express,230.882
978,189.97,-2.5,0.0,0.491,1,low,standard,318.458
979,98.81,-0.0,3.51,0.736,3,low,standard,181.959
980,26.73,-0.3,0.24,0.786,8,low,standard,33.973
981,265.45,0.8,0.0,0.729,17,high,standard,400.009
982,105.74,0.5,4.71,0.871,14,high,express,301.127
983,44.94,-1.2,0.0,0.736,18,low,standard,129.099
984,142.9,1.1,4.84,0.69,19,low,standard,347.002
985,250.39,-0.5,7.06,0.83,9,,standard,562.721
986,230.36,1.5,2.13,0.522,1,low,express,457.193
987,21.84,0.5,1.64,0.89,2,low,standard,67.361
988,170.16,1.0,2.73,0.727,5,low,standard,341.253
989,179.23,5.5,0.0,0.767,8,low,standard,430.925
990,33.08,0.1,1.31,0.791,11,high,standard,61.229
991,106.47,2.1,4.74,0.624,4,high,standard,341.32
992,124.74,-1.9,3.89,0.908,1,low,standard,328.266
993,154.81,2.8,0.0,0.791,17,high,express,365.887
994,129.24,-0.2,6.11,0.654,9,high,standard,344.256
995,126.76,-2.6,0.98,0.646,1,low,standard,275.806
996,236.78,3.1,0.0,0.714,2,low,express,441.052
997,184.08,-1.6,1.7,0.792,3,high,standard,353.573
998,177.11,2.9,2.97,0.749,23,low,standard,412.347
999,260.3,-0.4,2.17,0.626,0,low,standard,416.072
1000,241.99,-2.4,2.56,0.669,0,high,standard,523.144
1001,174.55,-0.5,0.59,0.694,23,low,standard,242.019
1002,220.3,3.6,5.54,0.596,8,high,standard,637.532
1003,41.92,1.2,1.15,0.5,11,high,standard,122.376
1004,88.89,0.3,3.19,0.897,22,low,express,197.445
1005,147.41,0.8,8.13,0.876,3,low,standard,411.991
1006,99.37,1.2,1.88,0.762,1,low,standard,193.511
1007,240.41,1.4,0.92,0.553,3,low,express,404.88
1008,75.87,2.2,2.54,0.588,18,low,standard,237.439
1009,110.85,1.1,2.71,0.678,20,low,standard,250.881
1010,75.8,2.1,3.17,0.48,8,low,standard,232.316
1011,83.82,-2.1,6.31,0.827,8,low,standard,304.215
1012,69.54,-2.0,0.0,0.696,8,low,standard,174.837
1013,107.23,-0.2,6.32,0.941,15,low,standard,269.199
1014,195.77,-1.4,2.14,0.411,23,low,standard,359.859
1015,104.58,0.2,1.44,0.825,11,high,standard,172.841
1016,148.69,1.2,3.32,0.493,3,low,standard,301.621
1017,61.4,-0.2,0.0,0.683,2,low,standard,76.164
1018,44.49,0.3,2.54,0.701,1,low,standard,93.888
1019,78.98,1.4,3.16,0.841,13,low,express,247.261
1020,91.43,0.2,2.47,0.788,15,low,standard,166.273
1021,47.03,-0.2,0.72,0.444,20,low,standard,94.453
1022,98.81,1.0,3.94,0.402,14,low,standard,249.474
1023,30.39,-2.3,3.53,0.571,2,low,standard,194.59
1024,152.57,2.0,1.12,0.765,6,low,standard,298.287
1025,107.69,-2.6,1.02,0.863,10,high,standard,269.689
1026,34.56,0.0,,0.85,9,high,express,129.121
1027,48.16,-0.6,2.83,0.836,11,low,express,113.346
1028,86.16,-1.7,0.0,0.515,2,low,standard,181.285
1029,233.96,-0.1,0.67,0.75,7,low,standard,299.485
1030,138.28,1.7,0.84,0.964,11,high,express,316.962
1031,134.21,0.7,2.52,0.849,9,low,standard,254.857
1032,113.89,0.6,2.91,0.57,12,low,standard,218.638
1033,118.22,-0.3,0.0,0.939,7,high,standard,186.491
1034,81.2,3.4,0.0,0.851,15,low,standard,226.55
1035,100.14,-0.1,0.0,0.574,16,low,standard,127.595
1036,66.48,0.5,3.83,0.217,16,low,standard,186.565
1037,170.04,0.3,5.44,0.661,1,low,express,378.192
1038,143.61,3.0,7.28,0.72,4,low,standard,470.773
1039,200.81,2.5,1.66,0.364,14,low,express,436.54
1040,90.32,0.0,2.72,0.609,3,low,express,180.172
1041,129.47,2.5,1.61,0.647,13,high,standard,313.215
1042,147.55,2.3,2.1,0.814,5,high,standard,352.761
1043,129.5,-0.7,4.29,0.543,5,high,standard,294.713
1044,148.15,1.2,5.66,,18,low,express,402.098
1045,104.5,-1.4,4.89,0.84,18,low,standard,289.471
1046,136.13,-0.6,2.67,0.297,11,low,standard,274.129
1047,88.49,-3.8,1.25,0.499,20,low,express,318.841
1048,63.76,-2.1,0.0,0.702,3,low,express,178.652
1049,118.51,-0.2,0.0,0.666,12,high,standard,170.455
1050,95.81,2.0,5.02,0.598,8,high,standard,341.801
1051,116.49,3.1,4.38,0.451,16,low,standard,371.629
1052,150.4,-1.0,0.51,0.752,3,low,standard,242.666
1053,204.26,2.6,4.15,0.683,1,low,standard,472.968
1054,175.19,1.5,7.1,0.444,16,low,standard,481.558
1055,97.83,-4.2,2.18,0.63,11,low,standard,330.795
1056,77.45,1.5,0.0,0.729,3,low,standard,135.994
1057,83.74,-2.3,0.0,0.951,21,low,standard,196.329
1058,191.32,-2.2,6.43,0.864,14,high,standard,554.316
1059,54.14,1.1,1.42,0.897,8,low,express,124.139
1060,207.35,-1.4,3.05,0.566,5,high,standard,436.951
1061,133.58,-1.8,2.05,0.461,1,low,express,319.034
1062,288.01,6.0,1.46,0.619,10,low,standard,638.322
1063,130.86,-0.9,0.0,0.38,1,low,standard,198.491
1064,85.92,-2.7,0.0,0.55,5,high,standard,230.756
1065,267.28,0.5,0.0,0.537,6,low,standard,354.297
1066,155.06,-0.0,,0.62,0,,express,260.555
1067,158.27,1.3,4.05,0.455,6,high,standard,371.564
1068,17.15,3.8,2.36,0.479,8,low,standard,193.838
1069,39.36,-4.4,3.05,0.301,12,low,standard,260.221
1070,147.62,-3.1,4.84,0.63,0,low,standard,446.416
1071,137.38,2.9,6.27,0.913,8,low,standard,436.362
1072,119.89,2.1,2.83,0.626,1,low,standard,298.605
1073,66.48,-0.1,1.93,,5,low,standard,115.89
1074,68.23,-0.6,0.0,0.976,10,low,standard,113.367
1075,28.54,2.0,0.0,0.488,2,low,standard,106.118
1076,45.74,4.5,5.05,0.952,3,low,standard,345.897
1077,135.39,2.8,1.95,0.421,20,low,standard,334.411
1078,124.17,-0.8,6.68,0.961,13,high,standard,380.235
1079,142.78,-1.9,1.34,0.945,16,high,standard,302.815
1080,212.17,1.4,3.17,0.669,3,low,standard,415.087
1081,63.92,-2.3,7.56,0.864,3,low,standard,315.889
1082,133.11,-1.0,5.8,0.888,16,high,standard,394.058
1083,94.92,-2.7,0.23,0.654,11,low,express,241.059
1084,49.51,1.0,0.0,0.782,18,low,standard,107.365
1085,196.59,1.5,3.39,0.413,11,low,standard,402.329
1086,124.72,2.3,2.24,0.771,20,low,express,322.78
1087,190.22,-1.2,4.89,0.502,15,high,standard,489.364
1088,136.59,0.9,1.98,0.315,5,low,standard,237.635
1089,139.77,3.0,2.81,0.591,16,,standard,401.267
1090,218.03,0.7,2.08,0.92,22,low,express,384.641
1091,97.73,3.3,2.49,0.743,10,high,standard,331.019
1092,187.73,0.3,1.58,0.775,10,low,standard,259.949
1093,251.87,-1.1,2.4,0.914,15,high,express,521.823
1094,179.73,3.3,0.57,0.334,15,high,standard,416.161
1095,45.75,-1.4,1.2,0.857,7,low,express,147.6
1096,61.23,1.6,3.57,0.711,8,low,standard,213.07
1097,179.44,0.4,3.72,0.576,19,low,standard,335.526
1098,123.96,-0.6,0.0,0.477,2,low,standard,156.919
1099,76.16,-0.2,4.07,0.75,18,low,express,183.661
1100,54.31,2.3,2.32,,19,low,express,211.719
1101,143.73,0.2,0.71,0.619,14,high,standard,207.597
1102,111.69,-0.2,0.0,0.68,0,low,express,157.017
1103,156.49,-3.5,0.0,0.697,15,low,standard,333.523
1104,43.06,-1.6,0.0,0.666,11,low,standard,110.595
1105,43.89,-2.6,4.77,0.498,20,high,standard,242.204
1106,193.75,-0.6,0.0,0.616,9,high,standard,281.566
1107,123.26,1.7,2.54,0.96,8,low,standard,297.955
1108,32.59,2.1,,0.906,4,high,standard,154.031
1109,114.82,1.0,3.26,0.578,15,high,express,289.453
1110,175.05,-2.3,0.75,0.903,13,high,standard,330.867
1111,141.7,0.8,2.57,0.825,11,high,standard,277.017
1112,97.83,2.7,3.82,0.426,4,low,express,315.806
1113,42.5,-2.4,5.45,0.579,13,low,express,250.124
1114,78.31,-0.3,2.92,0.473,13,low,standard,166.901
1115,54.7,1.6,0.0,0.968,10,low,standard,128.934
1116,193.94,-2.2,2.16,0.832,6,low,standard,387.717
1117,40.62,4.0,1.52,0.672,5,low,standard,211.378
1118,224.51,-0.9,2.86,0.399,15,low,standard,368.596
1119,218.14,0.8,2.25,0.736,21,low,standard,366.278
1120,136.37,-0.2,2.38,0.437,23,low,standard,212.105
1121,78.68,-1.1,5.16,0.427,2,high,standard,252.962
1122,162.52,1.7,2.9,0.945,13,low,standard,323.913
1123,225.62,-1.1,1.35,0.807,3,low,standard,343.659
1124,95.73,-1.4,4.33,0.471,21,low,express,292.756
1125,100.51,0.8,0.72,0.567,12,low,standard,169.851
1126,85.48,-1.1,2.04,0.885,19,low,express,192.083
1127,82.2,0.9,0.0,0.52,16,high,standard,154.913
1128,28.97,2.5,0.0,0.584,0,low,standard,145.727
1129,61.52,-3.3,1.72,0.771,14,low,standard,263.766
1130,208.2,-2.3,4.59,0.361,16,high,express,569.082
1131,118.63,2.9,8.21,0.315,9,high,standard,475.038
1132,196.31,-5.2,0.0,0.41,20,low,standard,417.804
1133,89.35,0.5,3.04,0.418,10,high,standard,210.063
1134,190.77,-2.4,6.83,0.662,9,low,standard,539.016
1135,129.35,-0.1,3.57,0.646,18,low,standard,240.387
1136,96.06,-0.2,0.0,0.656,7,low,standard,142.508
1137,45.24,-0.7,4.2,0.626,23,low,standard,173.13
1138,196.53,0.6,0.0,0.779,4,low,standard,249.232
1139,64.51,-0.9,1.91,0.755,14,low,express,148.91
1140,200.58,-0.1,2.89,0.905,14,low,standard,339.057
1141,62.27,1.9,3.4,0.857,5,low,standard,206.194
1142,234.41,4.6,2.26,0.807,7,low,standard,537.975
1143,161.93,3.2,0.0,0.577,12,high,standard,360.009
1144,138.92,3.0,0.0,0.841,9,high,standard,330.913
1145,50.23,-0.6,5.72,0.89,18,low,standard,170.895
1146,77.12,-2.8,0.0,0.94,12,high,standard,227.855
1147,251.02,0.9,0.48,0.941,22,low,standard,343.636
1148,126.95,3.8,1.05,0.638,20,high,express,387.438
1149,76.91,0.1,2.87,0.893,20,low,express,184.136
1150,46.53,-0.9,1.52,0.687,3,low,standard,110.639
1151,169.83,0.5,0.0,0.74,9,low,standard,230.003
1152,113.11,0.9,2.47,0.799,0,low,express,221.572
1153,158.2,-2.0,4.47,0.522,16,low,standard,374.442
1154,47.16,-0.5,3.74,0.818,9,high,standard,142.922
1155,129.98,1.4,2.76,0.635,12,low,express,294.498
1156,85.81,-1.5,1.56,0.839,6,low,express,196.931
1157,95.41,-1.5,3.9,0.901,12,low,standard,258.217
1158,71.14,-4.5,1.1,0.524,10,high,standard,336.602
1159,104.99,0.0,5.13,0.859,0,high,standard,245.822
1160,70.78,0.4,2.11,0.49,8,low,standard,154.785
1161,90.41,0.4,3.65,,20,low,standard,194.533
1162,181.14,1.3,4.55,0.713,22,low,standard,396.315
1163,214.34,-1.0,3.34,0.8,8,low,standard,429.235
1164,86.67,-1.4,0.34,0.62,8,low,express,181.567
1165,94.31,-2.7,1.66,0.862,6,low,standard,261.991
1166,91.75,0.1,3.37,0.68,7,low,standard,202.655
1167,244.33,2.6,0.0,0.462,23,low,standard,383.27
1168,218.77,2.1,2.27,0.916,0,low,express,462.003
1169,208.74,-1.4,1.93,0.986,13,low,standard,362.469
1170,117.63,2.7,1.0,0.982,12,low,standard,233.524
1171,181.01,-0.8,1.84,0.763,14,low,standard,302.083
1172,128.94,-1.5,7.08,0.529,9,low,express,439.55
1173,157.59,0.9,2.24,0.684,11,high,express,326.259
1174,90.01,-1.8,0.0,0.65,13,high,express,205.364
1175,94.48,-2.3,5.79,0.575,16,high,standard,372.416
1176,61.86,-0.9,2.13,0.78,17,high,standard,167.258
1177,215.32,-1.9,6.5,0.523,12,high,standard,585.663
1178,72.02,-2.5,0.78,0.502,18,low,standard,208.042
1179,201.09,2.8,1.3,0.843,5,low,standard,394.57
1180,149.26,4.7,5.17,0.553,4,high,standard,546.686
1181,165.64,2.9,0.0,0.769,12,high,standard,321.677
1182,72.23,-0.4,2.71,0.778,23,low,standard,137.162
1183,175.39,-2.5,3.35,0.845,17,low,standard,417.032
1184,123.15,-1.1,0.0,0.592,4,low,standard,182.703
1185,102.26,0.3,6.7,0.541,13,low,standard,284.371
1186,69.93,0.2,2.16,0.608,11,low,standard,135.671
1187,144.89,2.4,2.67,0.986,21,high,standard,371.032
1188,122.02,1.9,6.07,0.974,21,low,standard,358.782
1189,168.68,0.7,0.0,0.559,9,high,standard,239.966
1190,139.77,0.5,2.81,0.848,16,high,standard,277.13
1191,75.34,-1.1,0.56,0.474,20,low,express,152.718
1192,142.49,1.3,3.56,0.324,8,low,standard,320.024
1193,146.41,1.6,1.98,0.969,18,low,standard,292.257
1194,90.67,0.2,0.0,0.709,7,low,standard,139.514
1195,140.48,2.0,6.06,0.539,15,high,express,470.322
1196,84.12,0.1,2.72,0.824,6,high,standard,177.986
1197,140.65,-1.2,4.59,0.817,19,low,standard,338.913
1198,136.97,2.4,1.27,0.837,8,high,standard,317.344
1199,100.67,-1.5,1.72,0.549,16,high,standard,256.068
1200,236.88,5.2,5.96,0.912,5,low,standard,677.882
1201,21.34,0.4,2.81,0.585,20,low,standard,85.462
1202,53.86,3.2,0.0,0.802,12,low,standard,182.79
1203,92.24,-0.6,4.15,0.585,18,low,standard,224.292
1204,90.83,-2.8,2.03,0.53,0,low,standard,256.663
1205,89.36,1.5,1.93,0.785,7,high,standard,236.418
1206,77.71,0.5,3.32,0.726,19,low,standard,154.678
1207,127.47,-1.5,1.78,0.958,22,low,standard,269.876
1208,151.53,0.9,6.33,0.9,17,high,standard,430.101
1209,107.57,1.2,4.56,0.73,7,low,express,306.174
1210,128.29,1.4,0.0,0.501,12,low,standard,184.974
1211,141.16,1.6,3.68,0.768,5,low,standard,328.583
1212,219.6,-2.0,0.86,0.977,15,low,standard,366.346
1213,137.84,-1.7,1.98,0.692,1,low,standard,269.843
1214,101.94,-1.1,3.67,0.496,15,high,express,299.234
1215,55.8,2.9,2.47,0.857,8,high,standard,248.269
1216,257.49,-3.1,0.0,0.281,22,low,standard,431.391
1217,62.08,1.4,5.99,0.469,3,low,standard,246.413
1218,179.25,0.4,4.08,0.941,13,high,standard,389.251
1219,144.27,1.0,,0.453,9,low,standard,339.166
1220,54.77,-2.4,2.66,0.504,22,low,express,197.26
1221,121.01,1.7,,0.552,13,high,express,370.436
1222,87.96,-2.5,0.7,0.446,7,low,standard,224.084
1223,83.74,-2.5,0.0,0.637,7,high,standard,212.799
1224,167.29,3.1,0.0,0.751,18,low,standard,322.716
1225,212.28,0.7,0.0,0.939,22,low,standard,295.909
1226,165.22,-1.6,6.04,0.587,20,low,express,454.361
1227,172.03,1.4,3.34,0.67,1,low,standard,352.547
1228,42.71,-2.2,2.39,0.609,18,low,standard,184.814
1229,157.49,3.2,4.69,0.9,4,low,standard,438.774
1230,138.65,-0.3,2.23,0.895,13,low,standard,240.64
1231,40.77,-2.5,4.58,0.757,5,low,standard,220.556
1232,139.02,-0.1,3.07,0.775,23,low,standard,239.029
1233,152.41,-2.5,0.73,0.609,1,low,standard,314.317
1234,231.78,2.1,2.67,0.499,7,high,standard,485.626
1235,127.89,-0.8,0.0,0.661,3,low,standard,212.725
1236,114.04,2.4,3.03,0.837,9,low,standard,296.37
1237,52.68,1.7,0.0,0.953,20,low,standard,127.105
1238,134.52,3.5,3.2,0.494,9,high,standard,434.421
1239,265.9,2.4,3.65,0.848,11,high,standard,591.492
1240,153.97,2.8,3.94,0.766,19,low,standard,410.694
1241,62.11,0.4,7.63,0.74,15,high,standard,217.973
1242,75.97,-1.0,5.22,0.382,16,low,standard,212.149
1243,159.65,2.8,2.72,0.804,11,high,standard,400.815
1244,67.27,-2.0,1.26,0.8,8,low,standard,175.428
1245,79.05,0.8,3.61,0.696,20,low,standard,204.271
1246,131.01,0.9,6.08,0.317,3,high,express,409.426
1247,183.35,0.4,2.27,,16,high,standard,338.02
1248,80.66,2.7,7.44,0.797,2,low,standard,339.509
1249,207.33,2.0,1.03,0.417,6,low,standard,362.894
1250,157.03,-1.0,2.65,0.899,16,low,standard,305.74
1251,38.32,2.0,4.49,0.331,2,low,standard,163.462
1252,132.76,-0.4,0.0,0.384,17,high,standard,197.191
1253,77.15,-3.6,4.3,0.438,7,low,standard,341.543
1254,210.19,-1.3,0.0,0.646,10,high,standard,335.696
1255,186.18,0.6,0.48,0.997,6,high,express,287.448
1256,152.51,-0.3,6.41,0.786,17,low,express,376.193
1257,51.39,1.1,0.0,0.281,3,low,standard,124.713
1258,101.72,-0.2,3.04,0.862,10,high,standard,237.265
1259,163.23,0.3,1.53,0.704,2,low,standard,231.452
1260,93.56,0.7,2.2,,9,high,standard,222.742
1261,233.38,1.3,2.23,0.864,20,low,standard,406.731
1262,16.25,0.3,0.0,0.476,11,high,standard,38.437
1263,226.84,-3.6,2.9,0.964,1,low,express,568.634
1264,91.93,1.7,3.96,0.97,6,low,standard,262.111
1265,150.12,-0.9,2.23,0.704,7,low,standard,291.251
1266,38.66,-3.3,2.21,0.903,0,high,standard,232.55
1267,58.56,1.4,3.76,0.698,8,low,standard,206.72
1268,73.38,-1.5,1.41,0.409,18,low,standard,174.31
1269,100.1,-1.4,5.39,0.403,8,low,standard,264.486
1270,89.65,1.5,1.55,0.767,22,low,standard,186.062
1271,146.83,-1.6,0.43,0.633,17,low,express,279.475
1272,149.43,-0.4,3.6,0.613,10,low,standard,284.348
1273,29.96,-0.8,1.02,0.602,22,high,standard,114.503
1274,37.58,0.9,3.6,0.973,21,low,standard,138.005
1275,171.2,4.7,5.09,0.98,7,low,express,591.582
1276,158.47,-2.4,0.0,0.865,11,high,standard,321.152
1277,208.73,-1.7,6.12,0.849,7,low,standard,533.183
1278,122.95,-0.6,5.01,0.667,8,low,express,304.592
1279,94.1,-4.5,3.55,0.742,16,low,standard,371.943
1280,193.89,-1.2,4.61,0.414,13,high,standard,441.643
1281,183.93,-2.5,5.06,0.796,16,high,standard,533.196
1282,256.92,-0.4,1.32,0.692,13,high,standard,383.015
1283,64.59,1.9,3.57,0.723,23,low,standard,217.151
1284,96.71,1.3,1.72,0.731,8,low,standard,196.911
1285,45.01,-1.2,2.22,0.822,4,low,standard,140.084
1286,142.15,-1.0,1.81,0.373,18,low,express,283.04
1287,117.32,-1.7,1.85,0.784,21,low,express,306.54
1288,139.2,1.9,3.45,0.87,2,low,standard,335.519
1289,178.5,-0.0,3.24,0.739,6,low,standard,320.899
1290,58.22,1.3,2.74,0.605,21,low,express,178.697
1291,144.45,2.3,0.87,0.627,14,high,express,310.007
1292,125.46,-2.1,0.0,0.832,23,low,express,263.927
1293,105.86,-1.6,4.69,0.278,14,low,express,299.75
1294,181.0,-2.7,3.38,0.258,23,high,standard,471.033
1295,28.77,3.7,4.32,0.59,12,high,express,278.681
1296,145.32,0.2,0.0,0.537,14,high,standard,179.537
1297,116.68,3.7,0.97,0.46,6,high,standard,342.368
1298,206.47,0.2,1.56,0.844,1,low,standard,324.717
1299,184.85,1.3,1.28,0.8,19,low,standard,308.931
1300,127.85,3.4,0.05,0.641,21,low,standard,297.36
1301,87.56,3.0,5.21,0.718,13,low,standard,324.643
1302,211.99,-0.7,0.0,0.872,4,low,standard,281.969
1303,79.51,-1.5,1.24,0.404,21,low,standard,173.578
1304,121.95,2.4,2.36,0.787,23,low,standard,299.521
1305,97.92,3.5,0.0,0.45,4,low,standard,259.344
1306,253.47,-0.3,3.4,0.69,6,low,standard,418.627
1307,140.6,3.3,0.0,0.878,8,low,standard,292.745
1308,39.11,-3.1,2.31,0.938,2,low,standard,208.56
1309,84.16,-2.5,1.54,0.535,1,low,standard,239.721
1310,99.35,-3.0,3.38,0.582,10,high,standard,332.474
1311,98.54,-2.4,0.59,0.626,20,low,standard,235.25
1312,129.68,1.5,0.33,0.65,4,low,express,245.389
1313,265.38,-0.1,6.13,0.677,19,high,standard,546.326
1314,93.47,1.1,,0.634,19,low,standard,235.937
1315,125.83,0.6,2.35,0.501,4,low,standard,251.248
1316,156.02,-2.7,3.14,0.764,20,low,standard,375.761
1317,173.85,1.6,0.0,0.644,18,low,standard,271.004
1318,148.57,-1.9,1.26,0.526,4,low,standard,305.779
1319,103.99,1.4,0.0,0.65,16,low,standard,184.527
1320,111.22,-0.3,2.68,0.652,13,low,standard,179.913
1321,191.43,-0.5,1.82,0.796,2,low,standard,322.829
1322,90.13,-0.2,0.0,0.872,7,low,standard,147.158
1323,211.79,1.2,4.37,0.719,6,low,standard,419.553
1324,167.85,0.9,2.28,0.326,16,low,standard,286.459
1325,113.22,-1.9,1.68,0.639,0,low,standard,249.287
1326,172.47,3.5,5.69,0.311,0,low,standard,487.593
1327,118.09,-2.3,2.15,0.832,1,low,standard,265.711
1328,188.5,-4.3,3.84,0.325,11,low,standard,516.72
1329,162.72,0.6,4.37,0.694,23,low,express,364.499
1330,186.7,-4.0,2.16,0.914,21,low,standard,436.472
1331,138.45,-0.0,,0.706,8,low,standard,208.166
1332,74.65,4.7,0.74,0.496,19,low,standard,291.974
1333,180.73,1.1,0.9,0.486,18,low,standard,275.66
1334,73.46,4.0,3.4,0.652,3,low,standard,313.353
1335,60.92,-2.1,1.2,0.555,22,low,express,193.645
1336,222.46,-1.0,1.37,0.892,4,low,standard,347.004
1337,157.45,-0.7,0.96,0.837,18,low,standard,248.057
1338,117.38,-1.5,5.85,0.828,3,low,standard,295.839
1339,141.83,-1.0,1.49,0.367,20,low,standard,249.08
1340,23.8,-2.4,2.3,0.863,14,,standard,169.268
1341,68.36,1.1,5.99,0.793,2,low,standard,254.162
1342,161.05,3.2,0.23,0.611,19,low,standard,317.579
1343,92.01,-0.1,0.0,0.764,20,low,standard,112.084
1344,183.55,3.1,2.92,0.564,1,low,standard,433.74
1345,139.82,0.1,5.63,0.77,4,low,express,330.099
1346,185.27,-3.2,2.66,0.815,7,low,standard,427.138
1347,171.6,-2.2,2.44,0.638,17,high,standard,401.67
1348,127.69,1.0,3.67,0.766,8,low,standard,271.123
1349,83.89,0.2,0.73,0.965,17,high,standard,138.149
1350,147.83,1.0,5.58,0.402,21,low,standard,358.681
1351,82.98,1.7,4.34,0.771,6,low,standard,234.677
1352,140.29,-1.9,4.49,0.589,6,low,standard,360.097
1353,234.69,-0.4,2.29,0.552,7,low,standard,368.751
1354,68.42,-0.3,2.21,0.536,14,high,standard,142.073
1355,65.84,-0.8,4.64,0.876,13,low,standard,201.108
1356,127.22,-0.0,4.76,0.557,17,low,standard,260.39
1357,257.77,-2.8,0.0,0.859,6,low,standard,418.2
1358,68.76,1.9,1.51,0.721,14,high,express,226.19
1359,154.94,1.3,3.58,0.561,20,low,express,356.077
1360,56.47,1.4,5.67,0.748,17,low,standard,233.22
1361,181.43,3.0,2.47,0.51,10,low,standard,414.037
1362,195.05,2.9,3.21,0.339,6,low,express,468.847
1363,144.5,5.6,5.06,0.479,16,high,standard,581.087
1364,204.15,-1.9,5.19,0.863,7,high,standard,521.155
1365,80.31,4.5,3.24,0.492,16,high,standard,373.151
1366,31.11,-1.0,3.13,0.942,4,low,standard,145.1
1367,134.9,1.0,2.0,0.686,2,high,standard,277.077
1368,120.39,-2.0,0.52,0.59,10,high,standard,250.302
1369,94.73,5.7,1.92,0.467,8,low,standard,380.279
1370,37.22,1.0,0.0,0.832,23,,standard,74.072
1371,74.55,-0.9,3.68,0.806,4,low,standard,184.544
1372,47.36,-2.6,2.57,0.833,10,high,standard,229.065
1373,86.1,1.0,0.0,0.818,1,low,express,157.615
1374,63.82,0.8,4.19,0.54,10,low,standard,168.679
1375,192.26,0.0,0.64,0.484,8,low,standard,225.862
1376,111.65,-0.4,3.79,0.34,21,high,express,275.845
1377,171.18,1.2,1.52,0.99,12,high,standard,335.114
1378,86.96,-0.1,4.51,0.791,5,low,express,233.603
1379,135.49,3.6,2.85,0.653,1,low,standard,369.832
1380,129.65,-4.1,0.0,0.918,20,low,standard,337.208
1381,47.94,-0.5,1.24,0.351,7,low,standard,94.123
1382,130.83,1.3,0.0,0.676,12,high,standard,232.915
1383,57.38,-2.7,2.25,0.614,5,low,express,234.463
1384,101.25,-1.4,2.08,0.669,20,low,standard,218.101
1385,86.34,5.6,2.03,0.984,10,high,standard,396.526
1386,254.89,0.3,1.54,0.685,18,low,standard,372.926
1387,111.09,-1.5,2.7,0.579,13,high,standard,283.573
1388,38.05,-1.2,5.67,0.89,20,low,standard,160.049
1389,207.36,0.3,4.72,0.787,14,high,standard,445.714
1390,160.58,-4.8,1.63,0.447,5,low,standard,429.931
1391,157.5,2.5,2.99,0.366,16,low,standard,362.236
1392,152.77,-3.3,0.4,0.898,10,high,standard,329.371
1393,53.96,1.4,1.57,0.873,10,low,standard,149.957
1394,113.64,0.0,3.09,0.733,22,low,standard,198.839
1395,181.47,3.5,0.0,0.585,16,low,standard,346.245
1396,75.05,0.1,1.08,0.493,4,low,express,120.338
1397,233.17,-3.9,2.34,0.716,17,low,standard,510.778
1398,138.78,-0.5,1.33,0.775,22,low,standard,223.173
1399,82.27,3.7,1.17,0.826,17,high,standard,285.732
1400,211.38,0.3,5.43,0.639,19,low,standard,410.838
1401,75.24,-0.0,2.64,0.815,8,low,standard,159.627
1402,74.82,0.2,2.16,0.634,3,low,standard,157.555
1403,58.79,5.5,0.0,0.702,5,high,express,346.521
1404,194.86,-0.7,5.87,0.421,3,low,standard,430.028
1405,118.07,3.8,1.28,0.873,16,low,standard,322.808
1406,131.75,-2.0,3.04,0.622,18,low,express,352.078
1407,85.18,-2.0,0.0,0.453,13,high,standard,205.358
1408,72.64,1.9,0.84,0.971,20,low,standard,186.979
1409,141.16,2.5,1.31,0.916,15,high,standard,356.141
1410,101.34,1.3,0.0,0.456,8,low,standard,169.19
1411,26.8,-1.0,2.46,0.718,19,low,standard,103.316
1412,109.76,-0.9,0.0,0.876,9,low,express,163.024
1413,85.55,-0.6,0.42,0.837,4,high,standard,150.375
1414,170.52,-3.0,3.43,0.623,15,high,express,508.974
1415,79.97,-1.4,1.29,0.792,3,low,standard,152.255
1416,218.36,-0.6,4.25,0.782,8,high,standard,458.118
1417,36.34,-2.6,3.49,0.945,7,low,standard,205.012
1418,180.33,-1.5,2.59,0.734,20,low,standard,341.576
1419,108.87,-3.2,4.21,0.795,1,low,standard,350.458
1420,110.7,2.3,0.98,0.96,22,high,standard,278.009
1421,241.06,-0.2,1.29,0.41,23,high,standard,389.759
1422,93.33,0.3,3.4,0.918,18,high,standard,198.979
1423,152.69,-1.5,2.27,0.691,0,low,standard,333.644
1424,150.19,0.9,1.7,0.92,22,low,express,281.463
1425,61.83,0.2,7.26,0.498,12,low,standard,194.441
1426,129.94,2.3,0.0,0.61,20,low,standard,263.149
1427,80.9,2.1,0.91,0.374,6,low,standard,195.165
1428,131.75,-2.7,2.45,0.642,8,low,standard,296.839
1429,38.7,3.6,0.0,0.725,14,high,express,241.877
1430,156.55,2.5,3.55,0.849,6,low,standard,387.876
1431,208.68,-2.8,2.75,,13,high,standard,500.899
1432,140.18,-0.4,0.67,0.539,22,low,standard,205.349
1433,189.29,3.8,0.0,0.671,11,low,express,391.88
1434,44.87,-0.9,2.47,0.92,13,high,standard,149.28
1435,123.94,3.9,3.74,0.66,7,low,standard,403.856
1436,154.43,-3.5,0.0,0.534,13,low,standard,313.068
1437,31.25,-1.0,0.57,0.807,1,low,standard,85.93
1438,137.59,0.2,0.0,0.632,8,low,standard,187.884
1439,17.3,-0.2,1.16,0.675,8,low,standard,48.338
1440,165.09,1.0,6.74,0.805,8,low,express,442.751
1441,182.81,0.9,2.06,0.823,14,low,standard,303.717
1442,97.44,-3.8,2.09,0.243,6,high,express,377.925
1443,253.66,-0.4,4.43,0.372,7,low,standard,460.462
1444,142.46,0.1,3.39,0.827,3,low,standard,247.792
1445,173.56,1.5,2.87,0.91,4,high,standard,402.645
1446,148.52,2.3,0.01,0.788,0,low,standard,279.457
1447,278.85,1.6,5.25,0.518,12,low,standard,586.49
1448,103.83,-1.9,0.0,0.89,14,low,express,213.702
1449,257.56,-1.1,0.0,0.939,0,low,standard,361.858
1450,135.71,-2.2,1.87,0.95,23,low,standard,287.118
1451,92.11,4.2,1.62,0.403,20,low,standard,311.833
1452,105.44,3.4,3.41,0.841,20,low,standard,349.059
1453,172.23,1.7,0.0,0.303,0,low,standard,287.943
1454,68.74,-1.4,0.0,0.974,0,high,standard,150.016
1455,60.79,2.5,0.0,0.472,10,high,standard,188.446
1456,115.73,1.4,1.46,0.786,1,high,express,269.123
1457,119.44,1.2,3.34,0.379,22,low,standard,292.011
1458,50.76,-1.6,0.0,0.855,1,high,standard,128.687
1459,55.88,1.5,3.31,0.872,9,low,standard,176.572
1460,186.79,1.7,3.49,0.439,3,low,standard,400.512
1461,129.79,0.2,1.55,0.711,2,low,standard,212.632
1462,63.44,0.0,0.0,0.335,16,high,standard,88.72
1463,115.01,0.9,1.53,0.523,21,low,standard,190.383
1464,98.59,2.0,4.99,0.885,19,low,standard,316.666
1465,89.02,-1.1,4.36,0.593,20,low,express,270.758
1466,72.73,1.3,2.66,0.769,22,low,standard,181.794
1467,110.0,1.0,2.86,0.905,18,high,standard,280.891
1468,179.9,1.2,0.0,0.693,7,low,standard,255.9
1469,56.33,-1.4,1.11,0.671,4,low,standard,145.436
1470,72.8,-1.3,4.38,0.875,2,low,standard,230.441
1471,147.2,-0.2,3.16,0.639,19,low,standard,254.861
1472,142.67,1.1,3.56,0.729,10,low,express,350.053
1473,149.75,0.5,1.27,0.88,0,high,standard,257.093
1474,169.45,0.9,2.44,0.893,1,low,standard,311.234
1475,95.49,0.5,5.03,0.794,2,low,standard,242.168
1476,190.81,-2.1,0.13,0.655,8,low,standard,320.419
1477,105.33,-0.1,1.81,0.248,2,low,express,161.188
1478,49.81,-0.2,4.77,0.321,8,,standard,153.703
1479,142.85,-1.1,1.79,0.662,11,low,standard,257.712
1480,179.33,-0.8,2.49,0.942,17,high,standard,350.665
1481,72.53,0.3,0.0,0.585,11,low,standard,90.908
1482,43.38,-2.0,0.0,0.863,12,high,standard,156.32
1483,158.25,1.3,2.52,0.891,6,low,standard,330.783
1484,212.12,4.4,4.65,0.626,6,high,standard,659.573
1485,114.5,-0.4,0.0,0.387,9,low,standard,173.129
1486,188.4,-0.9,4.69,0.67,11,low,standard,363.901
1487,86.94,1.7,2.34,0.577,13,high,standard,236.367
1488,123.62,-0.6,0.0,0.884,8,low,standard,181.269
1489,97.76,-0.1,0.32,0.831,7,low,standard,121.979
1490,109.35,-2.5,4.23,0.36,11,high,express,380.413
1491,248.71,0.7,1.64,0.721,5,low,standard,395.762
1492,113.18,-3.0,5.45,0.908,11,high,express,472.769
1493,58.1,2.9,4.24,0.441,21,low,express,283.462
1494,178.63,2.5,4.56,0.885,1,low,standard,434.353
1495,130.68,1.4,1.75,0.582,17,low,standard,258.178
1496,129.15,2.8,5.5,0.719,6,low,express,428.456
1497,46.07,-0.8,0.22,0.304,3,low,standard,85.619
1498,164.21,1.8,3.63,0.901,13,high,express,448.127
1499,114.8,-0.2,2.51,0.817,9,high,express,245.256
1500,139.29,-2.9,5.3,0.742,8,low,standard,430.112
